{"name":"4e7a176c-9200-4a57-9b8c-6369339bdc3c","id":"/providers/Microsoft.Flow/flows/4e7a176c-9200-4a57-9b8c-6369339bdc3c","type":"Microsoft.Flow/flows","properties":{"apiId":"/providers/Microsoft.PowerApps/apis/shared_logicflows","displayName":"Create New Teams Thread for New Planner Task (Premium Version)","definition":{"metadata":{"workflowEntityId":null,"processAdvisorMetadata":null,"flowChargedByPaygo":null,"flowclientsuspensionreason":"None","flowclientsuspensiontime":null,"flowclientsuspensionreasondetails":null,"creator":{"id":"92de3837-bbd6-4099-ae8a-7a1e620b6a8b","type":"User","tenantId":"4bffbf87-53a0-4fce-b58b-4179cb3a3b7d"},"provisioningMethod":"FromDefinition","failureAlertSubscription":true,"clientLastModifiedTime":"2025-09-14T11:57:44.3322568Z","connectionKeySavedTimeKey":"2025-09-14T11:57:44.3322568Z","creationSource":null,"modifiedSources":"Portal"},"$schema":"https://schema.management.azure.com/providers/Microsoft.Logic/schemas/2016-06-01/workflowdefinition.json#","contentVersion":"1.0.0.0","parameters":{"$authentication":{"defaultValue":{},"type":"SecureObject"},"$connections":{"defaultValue":{},"type":"Object"}},"triggers":{"When_a_new_task_is_created":{"recurrence":{"frequency":"Minute","interval":1},"splitOn":"@triggerOutputs()?['body/value']","metadata":{"operationMetadataId":"797cb500-a1f7-4700-83ee-01752515cdde"},"type":"OpenApiConnection","inputs":{"parameters":{"groupId":"df714577-3699-4408-9526-993614aa53d6","id":"Suw_NhvrKkm7VVm9ZBCdDZcADsIk"},"host":{"apiId":"/providers/Microsoft.PowerApps/apis/shared_planner","connectionName":"shared_planner","operationId":"OnNewTask_V3"},"authentication":"@parameters('$authentication')"},"description":"Select your Team and Plan here."}},"actions":{"Get_user_profile_(V2)":{"runAfter":{"Set_ChannelId":["Succeeded"]},"metadata":{"operationMetadataId":"a0907fa3-c8e9-4131-beaa-16a4ae95dfac"},"type":"OpenApiConnection","inputs":{"parameters":{"id":"@triggerOutputs()?['body/createdBy/user/id']"},"host":{"apiId":"/providers/Microsoft.PowerApps/apis/shared_office365users","connectionName":"shared_office365users","operationId":"UserProfile_V2"},"authentication":"@parameters('$authentication')"}},"Post_card_in_a_chat_or_channel":{"runAfter":{"Compose_Task_Link":["Succeeded"]},"metadata":{"operationMetadataId":"2c0448d0-99b8-4a5a-8152-8e924d278139"},"type":"OpenApiConnection","inputs":{"parameters":{"poster":"Flow bot","location":"Channel","body/recipient/groupId":"@variables('GroupId')","body/recipient/channelId":"@variables('ChannelId')","body/messageBody":"{\n    \"type\": \"AdaptiveCard\",\n    \"msteams\": {\n        \"width\": \"full\"\n    },\n    \"body\": [\n        {\n            \"type\": \"TextBlock\",\n            \"size\": \"Large\",\n            \"weight\": \"Bolder\",\n            \"text\": \"New Task Created: @{triggerOutputs()?['body/title']}\",\n            \"color\": \"Accent\"\n        },\n        {\n            \"type\": \"FactSet\",\n            \"facts\": [\n                {\n                    \"title\": \"Created By\",\n                    \"value\": \"@{outputs('Get_user_profile_(V2)')?['body/givenName']} @{outputs('Get_user_profile_(V2)')?['body/surname']}\"\n                }\n            ],\n            \"separator\": true\n        },\n        {\n            \"type\": \"TextBlock\",\n            \"text\": \"Use the thread below to discuss anything related to this task.\",\n            \"wrap\": true\n        }\n    ],\n    \"actions\": [\n        {\n            \"type\": \"Action.OpenUrl\",\n            \"title\": \"View Task\",\n            \"url\": \"@{outputs('Compose_Task_Link')}\"\n        }\n    ],\n    \"$schema\": \"http://adaptivecards.io/schemas/adaptive-card.json\",\n    \"version\": \"1.5\"\n}"},"host":{"apiId":"/providers/Microsoft.PowerApps/apis/shared_teams","connectionName":"shared_teams","operationId":"PostCardToConversation"},"authentication":"@parameters('$authentication')"}},"Compose_Task_Link":{"runAfter":{"Set_EntityId":["Succeeded"]},"metadata":{"operationMetadataId":"9ab2dffd-5e90-4b52-ad34-d539b78be1d2"},"type":"Compose","inputs":"https://teams.microsoft.com/l/entity/com.microsoft.teamspace.tab.planner/@{variables('EntityId')}?tenantId=@{variables('TenantId')}&webUrl=https%3A%2F%2Ftasks.teams.microsoft.com%2Fteamsui%2FpersonalApp%2Falltasklists&context=%7B%22subEntityId%22%3A%22%2Fv1%2Fplan%2F@{variables('PlanId')}%2Fview%2Fboard%2Ftask%2F@{variables('TaskId')}%22%2C%22channelId%22%3A%22@{replace(\r\n   replace(variables('ChannelId'),':','%3A'),\r\n   '@','%40'\r\n)}%22%7D"},"Reply_with_a_message_in_a_channel":{"runAfter":{"Get_an_@mention_token_for_a_user":["Succeeded"]},"metadata":{"operationMetadataId":"f153492f-9e9d-4026-b68b-2290343cfbf3"},"type":"OpenApiConnection","inputs":{"parameters":{"poster":"Flow bot","location":"Channel","body/parentMessageId":"@outputs('Post_card_in_a_chat_or_channel')?['body/id']","body/recipient/groupId":"@variables('GroupId')","body/recipient/channelId":"@variables('ChannelId')","body/messageBody":"<p class=\"editor-paragraph\">Hi @{outputs('Get_an_@mention_token_for_a_user')?['body/atMention']}, a new thread has automatically been created for the task above. Use this thread to discuss anything related to this task.</p>"},"host":{"apiId":"/providers/Microsoft.PowerApps/apis/shared_teams","connectionName":"shared_teams","operationId":"ReplyWithMessageToConversation"},"authentication":"@parameters('$authentication')"}},"Compose_Thread_Link":{"runAfter":{"Reply_with_a_message_in_a_channel":["Succeeded"]},"metadata":{"operationMetadataId":"549bc33c-dae7-4887-8bfb-a0b71dfcdd58"},"type":"Compose","inputs":"@{outputs('Reply_with_a_message_in_a_channel')?['body/messageLink']}?tenantId=@{variables('TenantId')}&groupId=@{variables('GroupId')}&parentMessageId=@{outputs('Post_card_in_a_chat_or_channel')?['body/id']}&teamName=SharePoint%20Docs&channelName=@{variables('ChannelName')}&createdTime=@{outputs('Reply_with_a_message_in_a_channel')?['body/id']}"},"Update_an_adaptive_card_in_a_chat_or_channel":{"runAfter":{"Compose_Thread_Link":["Succeeded"]},"metadata":{"operationMetadataId":"a02838cf-83a5-472a-8170-8d8c0cc471ee"},"type":"OpenApiConnection","inputs":{"parameters":{"poster":"Flow bot","location":"Channel","body/messageId":"@outputs('Post_card_in_a_chat_or_channel')?['body/id']","body/recipient/groupId":"@variables('GroupId')","body/recipient/channelId":"@variables('ChannelId')","body/messageBody":"{\n    \"type\": \"AdaptiveCard\",\n    \"msteams\": {\n        \"width\": \"full\"\n    },\n    \"body\": [\n        {\n            \"type\": \"TextBlock\",\n            \"size\": \"Large\",\n            \"weight\": \"Bolder\",\n            \"text\": \"New Task Created: @{triggerOutputs()?['body/title']}\",\n            \"color\": \"Accent\"\n        },\n        {\n            \"type\": \"FactSet\",\n            \"facts\": [\n                {\n                    \"title\": \"Created By\",\n                    \"value\": \"@{outputs('Get_user_profile_(V2)')?['body/givenName']} @{outputs('Get_user_profile_(V2)')?['body/surname']}\"\n                }\n            ],\n            \"separator\": true\n        },\n        {\n            \"type\": \"TextBlock\",\n            \"text\": \"Use the thread below to discuss anything related to this task.\",\n            \"wrap\": true\n        }\n    ],\n    \"actions\": [\n        {\n            \"type\": \"Action.OpenUrl\",\n            \"title\": \"View Task\",\n            \"url\": \"@{outputs('Compose_Task_Link')}\"\n        },\n        {\n            \"type\": \"Action.OpenUrl\",\n            \"title\": \"Open Thread\",\n            \"url\": \"@{outputs('Compose_Thread_Link')}\"\n        }\n    ],\n    \"$schema\": \"http://adaptivecards.io/schemas/adaptive-card.json\",\n    \"version\": \"1.5\"\n}"},"host":{"apiId":"/providers/Microsoft.PowerApps/apis/shared_teams","connectionName":"shared_teams","operationId":"UpdateCardInConversation"},"authentication":"@parameters('$authentication')"}},"Get_an_@mention_token_for_a_user":{"runAfter":{"Post_card_in_a_chat_or_channel":["Succeeded"]},"type":"OpenApiConnection","inputs":{"parameters":{"userId":"@triggerOutputs()?['body/createdBy/user/id']"},"host":{"apiId":"/providers/Microsoft.PowerApps/apis/shared_teams","connectionName":"shared_teams","operationId":"AtMentionUser"},"authentication":"@parameters('$authentication')"}},"Initialize_GroupId":{"runAfter":{"Initialize_EntityId":["Succeeded"]},"type":"InitializeVariable","inputs":{"variables":[{"name":"GroupId","type":"string","value":"@split(\r\n   split(\r\n     triggerOutputs()?['headers']?['Location'],\r\n     'groupId='\r\n   )[1],\r\n   '&'\r\n)[0]"}]}},"Initialize_ChannelId":{"runAfter":{"Initialize_GroupId":["Succeeded"]},"type":"InitializeVariable","inputs":{"variables":[{"name":"ChannelId","type":"string"}]}},"Update_task_details":{"runAfter":{"Update_an_adaptive_card_in_a_chat_or_channel":["Succeeded"]},"metadata":{"operationMetadataId":"1b0eaf33-bf61-4333-85dd-aaa8ae5ebc70"},"type":"OpenApiConnection","inputs":{"parameters":{"id":"@triggerOutputs()?['body/id']","body/references":[{"alias":"Link to Teams Thread","resourceLink":"@{outputs('Compose_Thread_Link')}","type":"Other","previewPriority":" !"}]},"host":{"apiId":"/providers/Microsoft.PowerApps/apis/shared_planner","connectionName":"shared_planner","operationId":"UpdateTaskDetails_V2"},"authentication":"@parameters('$authentication')"}},"Initialize_TenantId":{"runAfter":{"Initialize_ChannelId":["Succeeded"]},"type":"InitializeVariable","inputs":{"variables":[{"name":"TenantId","type":"string","value":"@triggerOutputs()?['headers']?['x-ms-tenant-id']"}]}},"Initialize_PlanId":{"runAfter":{"Initialize_TenantId":["Succeeded"]},"type":"InitializeVariable","inputs":{"variables":[{"name":"PlanId","type":"string","value":"@triggerOutputs()?['body/planId']"}]}},"Initialize_TaskId":{"runAfter":{"Initialize_PlanId":["Succeeded"]},"type":"InitializeVariable","inputs":{"variables":[{"name":"TaskId","type":"string","value":"@triggerOutputs()?['body/id']"}]}},"Initialize_ChannelName":{"runAfter":{},"type":"InitializeVariable","inputs":{"variables":[{"name":"ChannelName","type":"string","value":"Task Management"}]},"description":"Change this if your channel has a different name. (Not tested with any special characters besides white spaces)"},"Get_Task_Management_Channel":{"runAfter":{"Initialize_TaskId":["Succeeded"]},"type":"OpenApiConnection","inputs":{"parameters":{"Uri":"https://graph.microsoft.com/v1.0/teams/@{variables('GroupId')}/channels?filter=displayName eq '@{variables('ChannelName')}'","Method":"GET","ContentType":"application/json"},"host":{"apiId":"/providers/Microsoft.PowerApps/apis/shared_teams","connectionName":"shared_teams","operationId":"HttpRequest"},"authentication":"@parameters('$authentication')"}},"Parse_JSON_Channel":{"runAfter":{"Get_Task_Management_Channel":["Succeeded"]},"type":"ParseJson","inputs":{"content":"@body('Get_Task_Management_Channel')","schema":{"type":"object","properties":{"@@odata.context":{"type":"string"},"@@odata.count":{"type":"integer"},"value":{"type":"array","items":{"type":"object","properties":{"id":{"type":"string"},"createdDateTime":{"type":"string"},"displayName":{"type":"string"},"description":{},"isFavoriteByDefault":{},"email":{},"tenantId":{"type":"string"},"webUrl":{"type":"string"},"membershipType":{"type":"string"},"isArchived":{"type":"boolean"}},"required":["id","createdDateTime","displayName","description","isFavoriteByDefault","email","tenantId","webUrl","membershipType","isArchived"]}}}}}},"Set_ChannelId":{"runAfter":{"Parse_JSON_Channel":["Succeeded"]},"type":"SetVariable","inputs":{"name":"ChannelId","value":"@outputs('Parse_JSON_Channel')?['body']?['value']?[0]?['id']"}},"Initialize_EntityId":{"runAfter":{"Initialize_ChannelName":["Succeeded"]},"type":"InitializeVariable","inputs":{"variables":[{"name":"EntityId","type":"string"}]}},"Get_Task_Details":{"runAfter":{"Update_task_details":["Succeeded"]},"type":"OpenApiConnection","inputs":{"parameters":{"request/method":"GET","request/url":"https://graph.microsoft.com/v1.0/planner/tasks/@{outputs('Update_task_details')?['body/id']}/details\n"},"host":{"apiId":"/providers/Microsoft.PowerApps/apis/shared_webcontents","connectionName":"shared_webcontents","operationId":"InvokeHttp"},"authentication":"@parameters('$authentication')"}},"Compose_Task_Details_ETag":{"runAfter":{"Get_Task_Details":["Succeeded"]},"type":"Compose","inputs":"@outputs('Get_Task_Details')?['headers']?['ETag']"},"Update_Task_Details_No_Preview":{"runAfter":{"Compose_Task_Details_ETag":["Succeeded"]},"type":"OpenApiConnection","inputs":{"parameters":{"request/method":"PATCH","request/url":"https://graph.microsoft.com/v1.0/planner/tasks/@{outputs('Update_task_details')?['body/id']}/details\n","request/headers":{"If-Match":"@{outputs('Compose_Task_Details_ETag')}","Content-Type":"application/json"},"request/body":"{\"previewType\":\"noPreview\"}"},"host":{"apiId":"/providers/Microsoft.PowerApps/apis/shared_webcontents","connectionName":"shared_webcontents","operationId":"InvokeHttp"},"authentication":"@parameters('$authentication')"}},"Get_Channel_Tabs":{"runAfter":{"Get_user_profile_(V2)":["Succeeded"]},"type":"OpenApiConnection","inputs":{"parameters":{"request/method":"GET","request/url":"https://graph.microsoft.com/v1.0/teams/@{variables('GroupId')}/channels/@{variables('ChannelId')}/tabs?$expand=teamsApp&$filter=teamsApp/id eq 'com.microsoft.teamspace.tab.planner'"},"host":{"apiId":"/providers/Microsoft.PowerApps/apis/shared_webcontents","connectionName":"shared_webcontents","operationId":"InvokeHttp"},"authentication":"@parameters('$authentication')"}},"Parse_JSON_Channel_Tabs":{"runAfter":{"Get_Channel_Tabs":["Succeeded"]},"type":"ParseJson","inputs":{"content":"@body('Get_Channel_Tabs')","schema":{"type":"object","properties":{"statusCode":{"type":"integer"},"headers":{"type":"object","properties":{"Transfer-Encoding":{"type":"string"},"Vary":{"type":"string"},"Strict-Transport-Security":{"type":"string"},"request-id":{"type":"string"},"client-request-id":{"type":"string"},"x-ms-ags-diagnostic":{"type":"string"},"OData-Version":{"type":"string"},"x-ms-client-region":{"type":"string"},"x-ms-flavor":{"type":"string"},"X-Ms-Workflow-Resourcegroup-Name":{"type":"string"},"x-ms-workflow-subscription-id":{"type":"string"},"x-ms-environment-id":{"type":"string"},"x-ms-tenant-id":{"type":"string"},"x-ms-dlp-re":{"type":"string"},"x-ms-dlp-gu":{"type":"string"},"x-ms-dlp-ef":{"type":"string"},"Timing-Allow-Origin":{"type":"string"},"x-ms-apihub-cached-response":{"type":"string"},"x-ms-apihub-obo":{"type":"string"},"Date":{"type":"string"},"Content-Type":{"type":"string"},"Content-Length":{"type":"string"}}},"body":{"type":"object","properties":{"@@odata.context":{"type":"string"},"@@odata.count":{"type":"integer"},"value":{"type":"array","items":{"type":"object","properties":{"id":{"type":"string"},"displayName":{"type":"string"},"webUrl":{"type":"string"},"configuration":{"type":"object","properties":{"entityId":{"type":"string"},"contentUrl":{"type":"string"},"removeUrl":{"type":"string"},"websiteUrl":{"type":"string"}}},"teamsApp":{"type":"object","properties":{"id":{"type":"string"},"externalId":{},"displayName":{"type":"string"},"distributionMethod":{"type":"string"}}}},"required":["id","displayName","webUrl","configuration","teamsApp"]}}}}}}}},"Set_EntityId":{"runAfter":{"Parse_JSON_Channel_Tabs":["Succeeded"]},"type":"SetVariable","inputs":{"name":"EntityId","value":"@outputs('Parse_JSON_Channel_Tabs')?['body']?['value']?[0]?['configuration']?['entityId']"}}}},"connectionReferences":{"shared_planner":{"connectionName":"shared-planner-88a1a908-7dd2-4e64-aecd-fed9835e3b22","source":"Embedded","id":"/providers/Microsoft.PowerApps/apis/shared_planner","tier":"NotSpecified","apiName":"planner","isProcessSimpleApiReferenceConversionAlreadyDone":false},"shared_office365users":{"connectionName":"shared-office365user-1d975fb0-3105-427b-9604-a8797f02154b","source":"Embedded","id":"/providers/Microsoft.PowerApps/apis/shared_office365users","tier":"NotSpecified","apiName":"office365users","isProcessSimpleApiReferenceConversionAlreadyDone":false},"shared_teams":{"connectionName":"shared-teams-10ed478c-4667-48c8-9d17-dc8b-c9b0fa27","source":"Embedded","id":"/providers/Microsoft.PowerApps/apis/shared_teams","tier":"NotSpecified","apiName":"teams","isProcessSimpleApiReferenceConversionAlreadyDone":false},"shared_webcontents":{"connectionName":"shared-webcontents-87ddf7ca-511f-4fcd-b4bb-801a1348925d","source":"Embedded","id":"/providers/Microsoft.PowerApps/apis/shared_webcontents","tier":"NotSpecified","apiName":"webcontents","isProcessSimpleApiReferenceConversionAlreadyDone":false}},"flowFailureAlertSubscribed":false,"isManaged":false}}