{"name":"fd8b740a-6305-4e6b-8fb8-3df9953e5f79","id":"/providers/Microsoft.Flow/flows/fd8b740a-6305-4e6b-8fb8-3df9953e5f79","type":"Microsoft.Flow/flows","properties":{"apiId":"/providers/Microsoft.PowerApps/apis/shared_logicflows","displayName":"Update Call Queue Opt In Status - Premium Support DE CQ","definition":{"metadata":{"workflowEntityId":null,"processAdvisorMetadata":null,"flowChargedByPaygo":null,"flowclientsuspensionreason":"None","flowclientsuspensiontime":null,"flowclientsuspensionreasondetails":null,"creator":{"id":"2b8265cf-70ad-401e-a886-b65054f1e94c","type":"User","tenantId":"4bffbf87-53a0-4fce-b58b-4179cb3a3b7d"},"provisioningMethod":"FromDefinition","failureAlertSubscription":true,"clientLastModifiedTime":"2024-06-14T18:18:27.8528701Z","connectionKeySavedTimeKey":"2024-06-14T18:18:27.8528701Z"},"$schema":"https://schema.management.azure.com/providers/Microsoft.Logic/schemas/2016-06-01/workflowdefinition.json#","contentVersion":"1.0.0.0","parameters":{"$connections":{"defaultValue":{},"type":"Object"},"$authentication":{"defaultValue":{},"type":"SecureObject"}},"triggers":{"When_an_item_is_created_or_modified":{"recurrence":{"frequency":"Minute","interval":5},"splitOn":"@triggerOutputs()?['body/value']","metadata":{"operationMetadataId":"2cc807fd-0abe-4f69-8b2a-0b6cd2a7d998"},"type":"OpenApiConnection","inputs":{"host":{"apiId":"/providers/Microsoft.PowerApps/apis/shared_sharepointonline","connectionName":"shared_sharepointonline","operationId":"GetOnUpdatedItems"},"parameters":{"dataset":"https://mozzism.sharepoint.com/sites/cq_Premium_Support","table":"56f9bc22-55b9-4c67-8d75-af90c21ca302"},"authentication":"@parameters('$authentication')"},"conditions":[{"expression":"@equals(triggerOutputs()?['body/UpdatedByPowerAutomate'], false)"}]}},"actions":{"Compose_Agent_Email":{"runAfter":{"Initialize_OptInStatus":["Succeeded"]},"metadata":{"operationMetadataId":"65f5933a-b903-4c90-b761-b7c8d36c1f0f"},"type":"Compose","inputs":"@triggerOutputs()?['body/Agent/Email']"},"Check_if_Agent_Email_is_equal_to_Flow_User_Email":{"actions":{"Send_an_HTTP_request_to_SharePoint":{"runAfter":{},"metadata":{"operationMetadataId":"c6b201a9-e310-45fa-9e6f-8afa4ec3f1e0"},"type":"OpenApiConnection","inputs":{"host":{"apiId":"/providers/Microsoft.PowerApps/apis/shared_sharepointonline","connectionName":"shared_sharepointonline","operationId":"HttpRequest"},"parameters":{"dataset":"https://api.interfaces.records.teams.microsoft.com","parameters/method":"PUT","parameters/uri":"/Teams.DLX/optinsettings/callqueues/@{variables('CallQueueId')}/agents/@{outputs('Get_my_profile_(V2)')?['body/id']}","parameters/headers":{"Content-Type":"application/json"},"parameters/body":"{\"optIn\":@{toLower(variables('OptInStatus'))}}"},"authentication":"@parameters('$authentication')"}}},"runAfter":{"Compose_Opt_In_Status":["Succeeded"]},"expression":{"equals":["@triggerOutputs()?['body/Agent/Email']","@outputs('Get_my_profile_(V2)')?['body/mail']"]},"metadata":{"operationMetadataId":"8b07bb91-f851-45e2-9bc1-a56390b7c6a6"},"type":"If"},"Compose_Opt_In_Status":{"runAfter":{"Compose_Agent_Email":["Succeeded"]},"metadata":{"operationMetadataId":"b2f17e2f-ff9c-474a-95e1-e6a7a78cc227"},"type":"Compose","inputs":"@triggerOutputs()?['body/OptIn']"},"Initialize_CallQueueId":{"runAfter":{"Get_my_profile_(V2)":["Succeeded"]},"metadata":{"operationMetadataId":"59603212-90f0-4f36-b25a-bf92c9d6f2ea"},"type":"InitializeVariable","inputs":{"variables":[{"name":"CallQueueId","type":"string","value":"92f0e8e7-ed86-449c-abbd-b799b5bb264b"}]}},"Get_my_profile_(V2)":{"runAfter":{},"metadata":{"operationMetadataId":"b0677c5a-cc26-4cec-a89f-e40bc4b87a70"},"type":"OpenApiConnection","inputs":{"host":{"apiId":"/providers/Microsoft.PowerApps/apis/shared_office365users","connectionName":"shared_office365users","operationId":"MyProfile_V2"},"parameters":{},"authentication":"@parameters('$authentication')"}},"Initialize_OptInStatus":{"runAfter":{"Initialize_CallQueueId":["Succeeded"]},"metadata":{"operationMetadataId":"a38cb18a-6380-40f0-94e3-c4ae5ba76d20"},"type":"InitializeVariable","inputs":{"variables":[{"name":"OptInStatus","type":"string","value":"@{triggerOutputs()?['body/OptIn']}"}]}}},"outputs":{}},"connectionReferences":{"shared_sharepointonline":{"connectionName":"shared-sharepointonl-886848f1-d10f-40bc-8e8a-422fb72ce200","source":"Embedded","id":"/providers/Microsoft.PowerApps/apis/shared_sharepointonline","tier":"NotSpecified"},"shared_office365users":{"connectionName":"shared-office365user-396bbb21-ae4d-49af-a009-e12d2812b1e9","source":"Embedded","id":"/providers/Microsoft.PowerApps/apis/shared_office365users","tier":"NotSpecified"}},"flowFailureAlertSubscribed":false,"isManaged":false}}