{"name":"29ffa0fa-5d37-48ce-be13-9ad3fddc37a6","id":"/providers/Microsoft.Flow/flows/29ffa0fa-5d37-48ce-be13-9ad3fddc37a6","type":"Microsoft.Flow/flows","properties":{"apiId":"/providers/Microsoft.PowerApps/apis/shared_logicflows","displayName":"Sync Opt In Status to List - Premium Support DE CQ","definition":{"metadata":{"workflowEntityId":null,"processAdvisorMetadata":null,"flowChargedByPaygo":null,"flowclientsuspensionreason":"None","flowclientsuspensiontime":null,"flowclientsuspensionreasondetails":null,"creator":{"id":"2b8265cf-70ad-401e-a886-b65054f1e94c","type":"User","tenantId":"4bffbf87-53a0-4fce-b58b-4179cb3a3b7d"},"provisioningMethod":"FromDefinition","failureAlertSubscription":true,"clientLastModifiedTime":"2024-06-14T19:05:28.0385393Z","connectionKeySavedTimeKey":"2024-06-14T19:05:28.0385393Z"},"$schema":"https://schema.management.azure.com/providers/Microsoft.Logic/schemas/2016-06-01/workflowdefinition.json#","contentVersion":"1.0.0.0","parameters":{"$connections":{"defaultValue":{},"type":"Object"},"$authentication":{"defaultValue":{},"type":"SecureObject"}},"triggers":{"Recurrence":{"recurrence":{"frequency":"Minute","interval":15,"startTime":"2024-06-06T08:00:00.000Z"},"metadata":{"operationMetadataId":"b682af10-7f35-48c9-9155-a6e5f5d740f8"},"type":"Recurrence"}},"actions":{"Send_an_HTTP_request_to_SharePoint":{"runAfter":{"Initialize_CallQueueId":["Succeeded"]},"metadata":{"operationMetadataId":"ac2ad8aa-ab23-462c-8e8a-a86a950938cc"},"type":"OpenApiConnection","inputs":{"host":{"apiId":"/providers/Microsoft.PowerApps/apis/shared_sharepointonline","connectionName":"shared_sharepointonline","operationId":"HttpRequest"},"parameters":{"dataset":"https://api.interfaces.records.teams.microsoft.com","parameters/method":"GET","parameters/uri":"/Teams.DLX/optinsettings/callqueues/@{variables('CallQueueId')}","parameters/headers":{"Content-Type":"application/json"}},"authentication":"@parameters('$authentication')"}},"Initialize_CallQueueId":{"runAfter":{},"metadata":{"operationMetadataId":"a33bb678-465e-4b98-974d-fba75c8b5124"},"type":"InitializeVariable","inputs":{"variables":[{"name":"CallQueueId","type":"string","value":"92f0e8e7-ed86-449c-abbd-b799b5bb264b"}]}},"Parse_JSON_Call_Queue":{"runAfter":{"Send_an_HTTP_request_to_SharePoint":["Succeeded"]},"metadata":{"operationMetadataId":"05d79471-bcda-49d3-8e06-6117d953c96c"},"type":"ParseJson","inputs":{"content":"@body('Send_an_HTTP_request_to_SharePoint')","schema":{"type":"object","properties":{"AgentsOptInStatus":{"type":"array","items":{"type":"object","properties":{"ObjectId":{"type":"string"},"OptIn":{"type":"boolean"}},"required":["ObjectId","OptIn"]}}}}}},"Apply_to_each_Agent":{"foreach":"@body('Parse_JSON_Call_Queue')?['AgentsOptInStatus']","actions":{"Parse_JSON_Opt_In_Status":{"runAfter":{},"metadata":{"operationMetadataId":"15100325-1aa5-40bd-bc87-de9783e2ef03"},"type":"ParseJson","inputs":{"content":"@items('Apply_to_each_Agent')","schema":{"type":"object","properties":{"ObjectId":{"type":"string"},"OptIn":{"type":"boolean"}}}}},"Compose_Object_Id":{"runAfter":{"Parse_JSON_Opt_In_Status":["Succeeded"]},"metadata":{"operationMetadataId":"659d90c4-303f-4303-8705-943ec2b51b27"},"type":"Compose","inputs":"@body('Parse_JSON_Opt_In_Status')?['ObjectId']"},"Compose_Opt_In_Value":{"runAfter":{"Compose_Object_Id":["Succeeded"]},"metadata":{"operationMetadataId":"900fecaa-c2b4-4e7e-9c81-0a7a10faf0f3"},"type":"Compose","inputs":"@body('Parse_JSON_Opt_In_Status')?['OptIn']"},"Get_user_profile_(V2)":{"runAfter":{"Compose_Opt_In_Value":["Succeeded"]},"metadata":{"operationMetadataId":"063114b2-ca5f-4296-81ae-1889ed5f593a"},"type":"OpenApiConnection","inputs":{"host":{"apiId":"/providers/Microsoft.PowerApps/apis/shared_office365users","connectionName":"shared_office365users","operationId":"UserProfile_V2"},"parameters":{"id":"@outputs('Compose_Object_Id')"},"authentication":"@parameters('$authentication')"}},"Get_items":{"runAfter":{"Get_user_profile_(V2)":["Succeeded"]},"metadata":{"operationMetadataId":"e5f38bfa-7133-410e-89f4-152fbf8e8374"},"type":"OpenApiConnection","inputs":{"host":{"apiId":"/providers/Microsoft.PowerApps/apis/shared_sharepointonline","connectionName":"shared_sharepointonline","operationId":"GetItems"},"parameters":{"dataset":"https://mozzism.sharepoint.com/sites/cq_Premium_Support","table":"56f9bc22-55b9-4c67-8d75-af90c21ca302","$filter":"Agent/EMail eq '@{outputs('Get_user_profile_(V2)')?['body/mail']}'"},"authentication":"@parameters('$authentication')"}},"Apply_to_each_Item":{"foreach":"@outputs('Get_items')?['body/value']","actions":{"Condition":{"actions":{"Update_item":{"runAfter":{},"metadata":{"operationMetadataId":"a6871ff2-4a79-4d03-8034-21d76c9ed6ca"},"type":"OpenApiConnection","inputs":{"host":{"apiId":"/providers/Microsoft.PowerApps/apis/shared_sharepointonline","connectionName":"shared_sharepointonline","operationId":"PatchItem"},"parameters":{"dataset":"https://mozzism.sharepoint.com/sites/cq_Premium_Support","table":"56f9bc22-55b9-4c67-8d75-af90c21ca302","id":"@items('Apply_to_each_Item')?['ID']","item/OptIn":"@items('Apply_to_each_Agent')?['OptIn']","item/UpdatedbyPowerAutomate":true},"authentication":"@parameters('$authentication')"}}},"runAfter":{},"expression":{"not":{"equals":["@outputs('Compose_Opt_In_Value')","@items('Apply_to_each_Item')?['OptIn']"]}},"metadata":{"operationMetadataId":"f2fb9f16-ba59-40c1-9bc4-92d1518caf20"},"type":"If"}},"runAfter":{"Get_items":["Succeeded"]},"metadata":{"operationMetadataId":"8f2e93af-0107-4658-8e42-c3ab8db24e3d"},"type":"Foreach"}},"runAfter":{"Parse_JSON_Call_Queue":["Succeeded"]},"metadata":{"operationMetadataId":"a8c73368-d26e-4833-adf1-36373223e73d"},"type":"Foreach"}}},"connectionReferences":{"shared_sharepointonline":{"connectionName":"shared-sharepointonl-886848f1-d10f-40bc-8e8a-422fb72ce200","source":"Embedded","id":"/providers/Microsoft.PowerApps/apis/shared_sharepointonline","tier":"NotSpecified"},"shared_office365users":{"connectionName":"shared-office365user-396bbb21-ae4d-49af-a009-e12d2812b1e9","source":"Embedded","id":"/providers/Microsoft.PowerApps/apis/shared_office365users","tier":"NotSpecified"}},"flowFailureAlertSubscribed":false,"isManaged":false}}