{"name":"00000000-0000-0000-0000-000000000000","id":"/providers/Microsoft.Flow/flows/d0354ede-3d5a-4587-9249-301b207395cb","type":"Microsoft.Flow/flows","properties":{"apiId":"/providers/Microsoft.PowerApps/apis/shared_logicflows","displayName":"Teams Shared Voicemail V2.4","definition":{"metadata":{"workflowEntityId":null,"processAdvisorMetadata":null,"flowChargedByPaygo":null,"flowclientsuspensionreason":"None","flowclientsuspensiontime":null,"flowclientsuspensionreasondetails":null,"creator":{"id":"00000000-0000-0000-0000-000000000000","type":"User","tenantId":"00000000-0000-0000-0000-000000000000"},"provisioningMethod":"FromDefinition","failureAlertSubscription":true,"clientLastModifiedTime":"2023-12-05T21:24:50.3411614Z","connectionKeySavedTimeKey":"2023-12-05T21:24:50.3411614Z"},"$schema":"https://schema.management.azure.com/providers/Microsoft.Logic/schemas/2016-06-01/workflowdefinition.json#","contentVersion":"1.0.0.0","parameters":{"$connections":{"defaultValue":{},"type":"Object"},"$authentication":{"defaultValue":{},"type":"SecureObject"}},"triggers":{"When_a_new_email_arrives_in_a_shared_mailbox_(V2)":{"recurrence":{"frequency":"Minute","interval":1},"splitOn":"@triggerOutputs()?['body/value']","metadata":{"operationMetadataId":"00000000-0000-0000-0000-000000000000"},"type":"OpenApiConnection","inputs":{"host":{"apiId":"/providers/Microsoft.PowerApps/apis/shared_office365","connectionName":"shared_office365_1","operationId":"SharedMailboxOnNewEmailV2"},"parameters":{"mailboxAddress":"PSTestEVEnabledSharedVoicemail@heusser.pro;","folderId":"Inbox","importance":"Any","hasAttachments":true,"includeAttachments":true},"authentication":"@parameters('$authentication')"}}},"actions":{"Initialize_TeamsCallingDeepLink":{"runAfter":{},"metadata":{"operationMetadataId":"00000000-0000-0000-0000-000000000000"},"type":"InitializeVariable","inputs":{"variables":[{"name":"TeamsCallingDeepLink","type":"string"}]}},"Apply_to_each":{"foreach":"@triggerOutputs()?['body/attachments']","actions":{"Get_Attachment_(V2)":{"runAfter":{},"metadata":{"operationMetadataId":"00000000-0000-0000-0000-000000000000"},"type":"OpenApiConnection","inputs":{"host":{"apiId":"/providers/Microsoft.PowerApps/apis/shared_office365","connectionName":"shared_office365_1","operationId":"GetAttachment_V2"},"parameters":{"messageId":"@triggerOutputs()?['body/id']","attachmentId":"@items('Apply_to_each')?['id']","mailboxAddress":"PSTestEVEnabledSharedVoicemail@heusser.pro;"},"authentication":"@parameters('$authentication')"}},"If_Attachment_Name_ends_with_.mp3":{"actions":{"Create_file":{"runAfter":{},"metadata":{"operationMetadataId":"00000000-0000-0000-0000-000000000000"},"type":"OpenApiConnection","inputs":{"host":{"apiId":"/providers/Microsoft.PowerApps/apis/shared_sharepointonline","connectionName":"shared_sharepointonline","operationId":"CreateFile"},"parameters":{"dataset":"https://mozzism.sharepoint.com/sites/PSTestEVEnabledCQ","folderPath":"@variables('FolderPath')","name":"@{formatDateTime(utcNow(),'yyyy-MM-dd hh:mm:ss')}_@{triggerOutputs()?['body/from']}.mp3","body":"@outputs('Get_Attachment_(V2)')?['body/contentBytes']"},"authentication":"@parameters('$authentication')"},"runtimeConfiguration":{"contentTransfer":{"transferMode":"Chunked"}}},"Create_sharing_link_for_a_file_or_folder":{"runAfter":{"Create_file":["Succeeded"]},"metadata":{"operationMetadataId":"00000000-0000-0000-0000-000000000000"},"type":"OpenApiConnection","inputs":{"host":{"apiId":"/providers/Microsoft.PowerApps/apis/shared_sharepointonline","connectionName":"shared_sharepointonline","operationId":"CreateSharingLink"},"parameters":{"dataset":"https://mozzism.sharepoint.com/sites/PSTestEVEnabledCQ","table":"00000000-0000-0000-0000-000000000000","id":"@outputs('Create_file')?['body/ItemId']","permission/type":"view","permission/scope":"organization"},"authentication":"@parameters('$authentication')"}},"Compose_From_Value":{"runAfter":{"Create_sharing_link_for_a_file_or_folder":["Succeeded"]},"metadata":{"operationMetadataId":"00000000-0000-0000-0000-000000000000"},"type":"Compose","inputs":"@triggerOutputs()?['body/from']"},"If_From_Value_is_Phone_Number":{"actions":{"Compose_TeamsCallingDeepLink_PSTN":{"runAfter":{},"metadata":{"operationMetadataId":"00000000-0000-0000-0000-000000000000"},"type":"Compose","inputs":"https://teams.microsoft.com/l/call/0/0?users=4:@{replace(outputs('Compose_From_Value'), '+', '%2b')}"},"Set_TeamsCallingDeepLink_PSTN":{"runAfter":{"Compose_TeamsCallingDeepLink_PSTN":["Succeeded"]},"metadata":{"operationMetadataId":"00000000-0000-0000-0000-000000000000"},"type":"SetVariable","inputs":{"name":"TeamsCallingDeepLink","value":"@{outputs('Compose_TeamsCallingDeepLink_PSTN')}"}}},"runAfter":{"Compose_From_Value":["Succeeded"]},"else":{"actions":{"Compose_TeamsCallingDeepLink_UPN":{"runAfter":{},"metadata":{"operationMetadataId":"00000000-0000-0000-0000-000000000000"},"type":"Compose","inputs":"https://teams.microsoft.com/l/call/0/0?users=@{triggerOutputs()?['body/from']}"},"Set_TeamsCallingDeepLink_UPN":{"runAfter":{"Compose_TeamsCallingDeepLink_UPN":["Succeeded"]},"metadata":{"operationMetadataId":"00000000-0000-0000-0000-000000000000"},"type":"SetVariable","inputs":{"name":"TeamsCallingDeepLink","value":"@{outputs('Compose_TeamsCallingDeepLink_UPN')}"}}}},"expression":{"startsWith":["@outputs('Compose_From_Value')","+"]},"metadata":{"operationMetadataId":"00000000-0000-0000-0000-000000000000"},"type":"If"},"Send_Adaptive_Card_and_Wait_for_a_Response":{"runAfter":{"If_From_Value_is_Phone_Number":["Succeeded"]},"metadata":{"operationMetadataId":"00000000-0000-0000-0000-000000000000"},"type":"OpenApiConnectionWebhook","inputs":{"host":{"apiId":"/providers/Microsoft.PowerApps/apis/shared_teams","connectionName":"shared_teams","operationId":"PostCardAndWaitForResponse"},"parameters":{"poster":"Flow bot","location":"Channel","body/body/messageBody":"{\n    \"$schema\": \"http://adaptivecards.io/schemas/adaptive-card.json\",\n    \"type\": \"AdaptiveCard\",\n    \"version\": \"1.3\",\n    \"body\": [\n        {\n            \"type\": \"TextBlock\",\n            \"text\": \"New Voicemail from: @{triggerOutputs()?['body/from']}\",\n            \"size\": \"Large\",\n            \"style\": \"Heading\",\n            \"color\": \"Accent\"\n        },\n        {\n            \"type\": \"Media\",\n            \"sources\": [\n                {\n                    \"mimeType\": \"audio/mpeg\",\n                    \"url\": \"@{outputs('Create_sharing_link_for_a_file_or_folder')?['body/link/webUrl']}\"\n                }\n            ]\n        },\n        {\n            \"type\": \"ActionSet\",\n            \"actions\": [\n                {\n                    \"type\": \"Action.OpenUrl\",\n                    \"title\": \"Call Back\",\n                    \"url\": \"@{variables('TeamsCallingDeepLink')}\"\n                },\n                {\n                    \"type\": \"Action.Submit\",\n                    \"title\": \"Call Completed\",\n                    \"style\": \"positive\"\n                }\n            ]\n        }\n    ]\n}","body/body/updateMessage":"Call back action to @{triggerOutputs()?['body/from']} completed.","body/body/recipient/groupId":"00000000-0000-0000-0000-000000000000","body/body/recipient/channelId":"@variables('ChannelId')"},"authentication":"@parameters('$authentication')"}},"Compose_ResponderName":{"runAfter":{"If_CompletionDuration_is_less_or_equal_60":["Succeeded"]},"metadata":{"operationMetadataId":"00000000-0000-0000-0000-000000000000"},"type":"Compose","inputs":"@Outputs('Send_Adaptive_Card_and_Wait_for_a_Response')?['body/responder']['displayName']"},"Compose_messageId":{"runAfter":{"Compose_ResponderName":["Succeeded"]},"metadata":{"operationMetadataId":"00000000-0000-0000-0000-000000000000"},"type":"Compose","inputs":"@Outputs('Send_Adaptive_Card_and_Wait_for_a_Response')?['body/messageId']"},"Update_an_adaptive_card_in_a_chat_or_channel":{"runAfter":{"Compose_messageId":["Succeeded"]},"metadata":{"operationMetadataId":"00000000-0000-0000-0000-000000000000"},"type":"OpenApiConnection","inputs":{"host":{"apiId":"/providers/Microsoft.PowerApps/apis/shared_teams","connectionName":"shared_teams_1","operationId":"UpdateCardInConversation"},"parameters":{"poster":"Flow bot","location":"Channel","body/messageId":"@outputs('Compose_messageId')","body/recipient/groupId":"00000000-0000-0000-0000-000000000000","body/recipient/channelId":"@variables('ChannelId')","body/messageBody":"{\n    \"type\": \"AdaptiveCard\",\n    \"$schema\": \"http://adaptivecards.io/schemas/adaptive-card.json\",\n    \"version\": \"1.3\",\n    \"body\": [\n        {\n            \"type\": \"TextBlock\",\n            \"text\": \"Call Back Action Completed\",\n            \"wrap\": true,\n            \"size\": \"Large\",\n            \"style\": \"Heading\",\n            \"color\": \"Good\"\n        },\n        {\n            \"type\": \"FactSet\",\n            \"facts\": [\n                {\n                    \"title\": \"Caller\",\n                    \"value\": \"@{triggerOutputs()?['body/from']}\"\n                },\n                {\n                    \"title\": \"Completed by\",\n                    \"value\": \"@{outputs('Compose_ResponderName')}\"\n                }\n            ],\n            \"separator\": true,\n            \"spacing\": \"Medium\"\n        }\n    ],\n    \"actions\": [\n        {\n            \"type\": \"Action.ShowCard\",\n            \"title\": \"Voicemail Details\",\n            \"card\": {\n                \"type\": \"AdaptiveCard\",\n                \"version\": \"1.3\",\n                \"body\": [\n                    {\n                        \"type\": \"TextBlock\",\n                        \"text\": \"Voicemail from: @{triggerOutputs()?['body/from']}\",\n                        \"size\": \"Large\",\n                        \"style\": \"Heading\",\n                        \"color\": \"Accent\"\n                    },\n                    {\n                        \"type\": \"Media\",\n                        \"sources\": [\n                            {\n                                \"mimeType\": \"audio/mpeg\",\n                                \"url\": \"@{outputs('Create_sharing_link_for_a_file_or_folder')?['body/link/webUrl']}\"\n                            }\n                        ]\n                    },\n                    {\n                        \"type\": \"ActionSet\",\n                        \"actions\": [\n                            {\n                                \"type\": \"Action.OpenUrl\",\n                                \"title\": \"Call Again\",\n                                \"url\": \"@{variables('TeamsCallingDeepLink')}\"\n                            }\n                        ]\n                    }\n                ]\n            },\n            \"tooltip\": \"Click to listen to the message again...\"\n        },\n        {\n            \"type\": \"Action.ShowCard\",\n            \"title\": \"Show Metrics\",\n            \"card\": {\n                \"type\": \"AdaptiveCard\",\n                \"version\": \"1.3\",\n                \"body\": [\n                    {\n                        \"type\": \"ColumnSet\",\n                        \"columns\": [\n                            {\n                                \"type\": \"Column\",\n                                \"width\": \"stretch\",\n                                \"items\": [\n                                    {\n                                        \"type\": \"FactSet\",\n                                        \"facts\": [\n                                            {\n                                                \"title\": \"Time Received\",\n                                                \"value\": \"@{formatDateTime(variables('ReceivedDateTime'), 'yyyy-MM-dd HH:mm')} (UTC)\"\n                                            },\n                                            {\n                                                \"title\": \"Time Completed\",\n                                                \"value\": \"@{formatDateTime(variables('CompletedDateTime'), 'yyyy-MM-dd HH:mm')} (UTC)\"\n                                            },\n                                            {\n                                                \"title\": \"Time to Completion\",\n                                                \"value\": \"@{formatDateTime(addMinutes('1970-01-01T00:00:00Z', variables('CompletionDurationInteger')), 'HH:mm')}\"\n                                            }\n                                        ]\n                                    }\n                                ]\n                            },\n                            {\n                                \"type\": \"Column\",\n                                \"width\": \"auto\",\n                                \"items\": [\n                                    {\n                                        \"type\": \"Image\",\n                                        \"url\": \"@{variables('EmojiUrl')}\",\n                                        \"size\": \"Medium\"\n                                    }\n                                ]\n                            }\n                        ]\n                    }\n                ]\n            },\n            \"tooltip\": \"Click to view metrics...\"\n        }\n    ]\n}"},"authentication":"@parameters('$authentication')"}},"Set_CompletedDateTime":{"runAfter":{"Send_Adaptive_Card_and_Wait_for_a_Response":["Succeeded"]},"metadata":{"operationMetadataId":"00000000-0000-0000-0000-000000000000"},"type":"SetVariable","inputs":{"name":"CompletedDateTime","value":"@{utcNow()}"}},"Set_CompletionDurationString":{"runAfter":{"Set_CompletedDateTime":["Succeeded"]},"metadata":{"operationMetadataId":"00000000-0000-0000-0000-000000000000"},"type":"SetVariable","inputs":{"name":"CompletionDurationString","value":"@{div(sub(ticks(variables('CompletedDateTime')), ticks(variables('ReceivedDateTime'))), 600000000)}"}},"Set_CompletionDurationInteger":{"runAfter":{"Set_CompletionDurationString":["Succeeded"]},"metadata":{"operationMetadataId":"00000000-0000-0000-0000-000000000000"},"type":"SetVariable","inputs":{"name":"CompletionDurationInteger","value":"@int(variables('CompletionDurationString'))"}},"If_CompletionDuration_is_less_or_equal_60":{"actions":{"Set_EmojiUrl_to_good":{"runAfter":{},"metadata":{"operationMetadataId":"00000000-0000-0000-0000-000000000000"},"type":"SetVariable","inputs":{"name":"EmojiUrl","value":"https://github.com/microsoft/fluentui-emoji/blob/main/assets/Smiling%20face/3D/smiling_face_3d.png?raw=true"}}},"runAfter":{"Set_CompletionDurationInteger":["Succeeded"]},"else":{"actions":{"If_CompletionDuration_is_less_or_equal_120":{"actions":{"Set_EmojiUrl_to_neutral":{"runAfter":{},"metadata":{"operationMetadataId":"00000000-0000-0000-0000-000000000000"},"type":"SetVariable","inputs":{"name":"EmojiUrl","value":"https://github.com/microsoft/fluentui-emoji/blob/main/assets/Neutral%20face/3D/neutral_face_3d.png?raw=true"}}},"runAfter":{},"else":{"actions":{"Set_EmojiUrl_to_sad":{"runAfter":{},"metadata":{"operationMetadataId":"00000000-0000-0000-0000-000000000000"},"type":"SetVariable","inputs":{"name":"EmojiUrl","value":"https://github.com/microsoft/fluentui-emoji/blob/main/assets/Disappointed%20face/3D/disappointed_face_3d.png?raw=true"}}}},"expression":{"lessOrEquals":["@variables('CompletionDurationInteger')",120]},"metadata":{"operationMetadataId":"00000000-0000-0000-0000-000000000000"},"type":"If"}}},"expression":{"lessOrEquals":["@variables('CompletionDurationInteger')",60]},"metadata":{"operationMetadataId":"00000000-0000-0000-0000-000000000000"},"type":"If"},"If_Voicemail_is_On_Call":{"actions":{"Delay_5s":{"runAfter":{},"metadata":{"operationMetadataId":"00000000-0000-0000-0000-000000000000"},"type":"Wait","inputs":{"interval":{"count":5,"unit":"Second"}}},"Get_messages":{"runAfter":{"List_the_members_for_a_tag":["Succeeded"]},"metadata":{"operationMetadataId":"00000000-0000-0000-0000-000000000000"},"type":"OpenApiConnection","inputs":{"host":{"apiId":"/providers/Microsoft.PowerApps/apis/shared_teams","connectionName":"shared_teams_1","operationId":"GetMessagesFromChannel"},"parameters":{"groupId":"00000000-0000-0000-0000-000000000000","channelId":"19:00000000000000000000000000000000@thread.tacv2"},"authentication":"@parameters('$authentication')"}},"Compose_get_Adaptive_Card_Message":{"runAfter":{"Get_messages":["Succeeded"]},"metadata":{"operationMetadataId":"00000000-0000-0000-0000-000000000000"},"type":"Compose","inputs":"@first(outputs('Get_messages')?['body/value'])"},"Parse_JSON_for_messageId":{"runAfter":{"Compose_get_Adaptive_Card_Message":["Succeeded"]},"metadata":{"operationMetadataId":"00000000-0000-0000-0000-000000000000"},"type":"ParseJson","inputs":{"content":"@outputs('Compose_get_Adaptive_Card_Message')","schema":{"type":"object","properties":{"id":{"type":"string"},"etag":{"type":"string"},"messageType":{"type":"string"},"createdDateTime":{"type":"string"},"lastModifiedDateTime":{"type":"string"},"importance":{"type":"string"},"locale":{"type":"string"},"webUrl":{"type":"string"},"from":{"type":"object","properties":{"application":{"type":"object","properties":{"@@odata.type":{"type":"string"},"id":{"type":"string"},"displayName":{"type":"string"},"applicationIdentityType":{"type":"string"}}}}},"channelIdentity":{"type":"object","properties":{"teamId":{"type":"string"},"channelId":{"type":"string"}}},"attachments":{"type":"array","items":{"type":"object","properties":{"id":{"type":"string"},"contentType":{"type":"string"},"content":{"type":"string"}},"required":["id","contentType","content"]}},"mentions":{"type":"array"},"onBehalfOf":{"type":"object","properties":{"application":{},"device":{},"user":{"type":"object","properties":{"@@odata.type":{"type":"string"},"id":{"type":"string"},"displayName":{"type":"string"},"userIdentityType":{"type":"string"}}}}},"reactions":{"type":"array"},"body":{"type":"object","properties":{"contentType":{"type":"string"},"content":{"type":"string"}}}}}}},"Set_variable":{"runAfter":{"Parse_JSON_for_messageId":["Succeeded"]},"metadata":{"operationMetadataId":"00000000-0000-0000-0000-000000000000"},"type":"SetVariable","inputs":{"name":"ReplyToMessageId","value":"@body('Parse_JSON_for_messageId')?['id']"}},"Do_until_Card_is_Marked_as_Completed":{"actions":{"Delay":{"runAfter":{},"metadata":{"operationMetadataId":"00000000-0000-0000-0000-000000000000"},"type":"Wait","inputs":{"interval":{"count":15,"unit":"Minute"}}},"Condition":{"actions":{"Set_CallBackCompleted_true":{"runAfter":{},"metadata":{"operationMetadataId":"00000000-0000-0000-0000-000000000000"},"type":"SetVariable","inputs":{"name":"CallBackCompleted","value":true}}},"runAfter":{"Compose_Adaptive_Card_Content":["Succeeded"]},"else":{"actions":{"Apply_to_each_Tag_Member":{"foreach":"@outputs('List_the_members_for_a_tag')?['body/value']","actions":{"Post_a_feed_notification":{"runAfter":{},"metadata":{"operationMetadataId":"00000000-0000-0000-0000-000000000000"},"type":"OpenApiConnection","inputs":{"host":{"apiId":"/providers/Microsoft.PowerApps/apis/shared_teams","connectionName":"shared_teams_1","operationId":"PostFeedNotification"},"parameters":{"poster":"Flow bot","notificationType":"team","body/recipient":"@items('Apply_to_each_Tag_Member')?['userId']","body/previewText":"Action Required: Call Back for On Call Voicemail","body/channelRecipient/groupId":"00000000-0000-0000-0000-000000000000","body/channelRecipient/channelId":"19:00000000000000000000000000000000@thread.tacv2","body/messageId":"@variables('ReplyToMessageId')"},"authentication":"@parameters('$authentication')"}}},"runAfter":{},"metadata":{"operationMetadataId":"00000000-0000-0000-0000-000000000000"},"type":"Foreach"}}},"expression":{"contains":["@outputs('Compose_Adaptive_Card_Content')","Call Back Action Completed"]},"metadata":{"operationMetadataId":"00000000-0000-0000-0000-000000000000"},"type":"If"},"Get_message_details":{"runAfter":{"Delay":["Succeeded"]},"metadata":{"operationMetadataId":"00000000-0000-0000-0000-000000000000"},"type":"OpenApiConnection","inputs":{"host":{"apiId":"/providers/Microsoft.PowerApps/apis/shared_teams","connectionName":"shared_teams_1","operationId":"GetMessageDetails"},"parameters":{"messageId":"@variables('ReplyToMessageId')","threadType":"channel","body/recipient/groupId":"00000000-0000-0000-0000-000000000000","body/recipient/channelId":"19:00000000000000000000000000000000@thread.tacv2"},"authentication":"@parameters('$authentication')"}},"Parse_JSON_for_Adaptive_Card_Content":{"runAfter":{"Get_message_details":["Succeeded"]},"metadata":{"operationMetadataId":"00000000-0000-0000-0000-000000000000"},"type":"ParseJson","inputs":{"content":"@body('Get_message_details')","schema":{"type":"object","properties":{"body":{"type":"object","properties":{"@@odata.context":{"type":"string"},"id":{"type":"string"},"replyToId":{"type":"string"},"etag":{"type":"string"},"messageType":{"type":"string"},"createdDateTime":{"type":"string"},"lastModifiedDateTime":{"type":"string"},"lastEditedDateTime":{"type":"string"},"deletedDateTime":{},"subject":{},"summary":{},"chatId":{},"importance":{"type":"string"},"locale":{"type":"string"},"webUrl":{"type":"string"},"policyViolation":{},"eventDetail":{},"from":{"type":"object","properties":{"device":{},"user":{},"application":{"type":"object","properties":{"@@odata.type":{"type":"string"},"id":{"type":"string"},"displayName":{"type":"string"},"applicationIdentityType":{"type":"string"}}}}},"body":{"type":"object","properties":{"contentType":{"type":"string"},"content":{"type":"string"},"plainTextContent":{"type":"string"}}},"channelIdentity":{"type":"object","properties":{"teamId":{"type":"string"},"channelId":{"type":"string"}}},"attachments":{"type":"array","items":{"type":"object","properties":{"id":{"type":"string"},"contentType":{"type":"string"},"contentUrl":{},"content":{"type":"string"},"name":{},"thumbnailUrl":{},"teamsAppId":{}},"required":["id","contentType","contentUrl","content","name","thumbnailUrl","teamsAppId"]}},"mentions":{"type":"array"},"reactions":{"type":"array"},"messageLink":{"type":"string"},"threadType":{"type":"string"},"teamId":{"type":"string"},"channelId":{"type":"string"}}}}}}},"Compose_Adaptive_Card_Content":{"runAfter":{"Parse_JSON_for_Adaptive_Card_Content":["Succeeded"]},"metadata":{"operationMetadataId":"00000000-0000-0000-0000-000000000000"},"type":"Compose","inputs":"@outputs('Parse_JSON_for_Adaptive_Card_Content')['body']['attachments'][0]['content']"}},"runAfter":{"Set_variable":["Succeeded"]},"expression":"@equals(variables('CallBackCompleted'), true)","limit":{"count":20,"timeout":"PT4H"},"metadata":{"operationMetadataId":"00000000-0000-0000-0000-000000000000"},"type":"Until"},"List_the_members_for_a_tag":{"runAfter":{"Delay_5s":["Succeeded"]},"metadata":{"operationMetadataId":"00000000-0000-0000-0000-000000000000"},"type":"OpenApiConnection","inputs":{"host":{"apiId":"/providers/Microsoft.PowerApps/apis/shared_teams","connectionName":"shared_teams_1","operationId":"GetTagMembers"},"parameters":{"groupId":"00000000-0000-0000-0000-000000000000","tagId":"NGJmZmJmODctNTNhMC00ZmNlLWI1OGItNDE3OWNiM2EzYjdkIyMwYWQzZGRmYi1hZTRlLTRhNGUtYjU2NC0zNjIzMWI5NjZiYTYjI3M1UDJlNmVldA=="},"authentication":"@parameters('$authentication')"}}},"runAfter":{"If_From_Value_is_Phone_Number":["Succeeded"]},"expression":{"equals":["@variables('FolderPath')","/Freigegebene Dokumente/4 - Voicemail - On Call"]},"metadata":{"operationMetadataId":"00000000-0000-0000-0000-000000000000"},"type":"If"}},"runAfter":{"Get_Attachment_(V2)":["Succeeded"]},"expression":{"endsWith":["@outputs('Get_Attachment_(V2)')?['body/name']",".mp3"]},"metadata":{"operationMetadataId":"00000000-0000-0000-0000-000000000000"},"type":"If"}},"runAfter":{"If_Subject_match_On_Call":["Succeeded"]},"metadata":{"operationMetadataId":"00000000-0000-0000-0000-000000000000"},"type":"Foreach"},"Initialize_ReceivedDateTime":{"runAfter":{"Initialize_TeamsCallingDeepLink":["Succeeded"]},"metadata":{"operationMetadataId":"00000000-0000-0000-0000-000000000000"},"type":"InitializeVariable","inputs":{"variables":[{"name":"ReceivedDateTime","type":"string","value":"@{utcNow()}"}]}},"Initialize_CompletedDateTime":{"runAfter":{"Initialize_ReceivedDateTime":["Succeeded"]},"metadata":{"operationMetadataId":"00000000-0000-0000-0000-000000000000"},"type":"InitializeVariable","inputs":{"variables":[{"name":"CompletedDateTime","type":"string"}]}},"Initialize_CompletionDurationString":{"runAfter":{"Initialize_CompletedDateTime":["Succeeded"]},"metadata":{"operationMetadataId":"00000000-0000-0000-0000-000000000000"},"type":"InitializeVariable","inputs":{"variables":[{"name":"CompletionDurationString","type":"string"}]}},"Initialize_CompletionDurationInteger":{"runAfter":{"Initialize_CompletionDurationString":["Succeeded"]},"metadata":{"operationMetadataId":"00000000-0000-0000-0000-000000000000"},"type":"InitializeVariable","inputs":{"variables":[{"name":"CompletionDurationInteger","type":"integer"}]}},"Initialize_EmojiUrl":{"runAfter":{"Initialize_CompletionDurationInteger":["Succeeded"]},"metadata":{"operationMetadataId":"00000000-0000-0000-0000-000000000000"},"type":"InitializeVariable","inputs":{"variables":[{"name":"EmojiUrl","type":"string"}]}},"Initialize_ChannelId":{"runAfter":{"Initialize_EmojiUrl":["Succeeded"]},"metadata":{"operationMetadataId":"00000000-0000-0000-0000-000000000000"},"type":"InitializeVariable","inputs":{"variables":[{"name":"ChannelId","type":"string"}]}},"If_Subject_match_On_Call":{"actions":{"Set_ChannelId_On_Call":{"runAfter":{},"metadata":{"operationMetadataId":"00000000-0000-0000-0000-000000000000"},"type":"SetVariable","inputs":{"name":"ChannelId","value":"19:00000000000000000000000000000000@thread.tacv2"}},"Set_FolderPath_On_Call":{"runAfter":{"Set_ChannelId_On_Call":["Succeeded"]},"metadata":{"operationMetadataId":"00000000-0000-0000-0000-000000000000"},"type":"SetVariable","inputs":{"name":"FolderPath","value":"/Freigegebene Dokumente/4 - Voicemail - On Call"}}},"runAfter":{"Initialize_ReplyToMessageId":["Succeeded"]},"else":{"actions":{"Set_ChannelId_Business_Hours":{"runAfter":{},"metadata":{"operationMetadataId":"00000000-0000-0000-0000-000000000000"},"type":"SetVariable","inputs":{"name":"ChannelId","value":"19:00000000000000000000000000000000@thread.tacv2"}},"Set_FolderPath_Business_Hours":{"runAfter":{"Set_ChannelId_Business_Hours":["Succeeded"]},"metadata":{"operationMetadataId":"00000000-0000-0000-0000-000000000000"},"type":"SetVariable","inputs":{"name":"FolderPath","value":"/Freigegebene Dokumente/3 - Voicemail"}}}},"expression":{"contains":["@triggerOutputs()?['body/subject']","On Call"]},"metadata":{"operationMetadataId":"00000000-0000-0000-0000-000000000000"},"type":"If"},"Initialize_FolderPath":{"runAfter":{"Initialize_ChannelId":["Succeeded"]},"metadata":{"operationMetadataId":"00000000-0000-0000-0000-000000000000"},"type":"InitializeVariable","inputs":{"variables":[{"name":"FolderPath","type":"string"}]}},"CallBackCompleted":{"runAfter":{"Initialize_FolderPath":["Succeeded"]},"metadata":{"operationMetadataId":"00000000-0000-0000-0000-000000000000"},"type":"InitializeVariable","inputs":{"variables":[{"name":"CallBackCompleted","type":"boolean","value":false}]}},"Initialize_AdaptiveCardSearchString":{"runAfter":{"CallBackCompleted":["Succeeded"]},"metadata":{"operationMetadataId":"00000000-0000-0000-0000-000000000000"},"type":"InitializeVariable","inputs":{"variables":[{"name":"AdaptiveCardSearchString","type":"string","value":"New Voicemail from: @{triggerOutputs()?['body/from']}"}]}},"Initialize_ReplyToMessageId":{"runAfter":{"Initialize_AdaptiveCardSearchString":["Succeeded"]},"metadata":{"operationMetadataId":"00000000-0000-0000-0000-000000000000"},"type":"InitializeVariable","inputs":{"variables":[{"name":"ReplyToMessageId","type":"string"}]}}}},"connectionReferences":{"shared_office365_1":{"connectionName":"shared-office365-423516a1-4817-45ad-97b7-58835f7e1d5f","source":"Embedded","id":"/providers/Microsoft.PowerApps/apis/shared_office365","tier":"NotSpecified"},"shared_sharepointonline":{"connectionName":"9a299e9989d04044be1eb022ff1c5ee5","source":"Embedded","id":"/providers/Microsoft.PowerApps/apis/shared_sharepointonline","tier":"NotSpecified"},"shared_teams":{"connectionName":"shared-teams-7674875b-d712-4641-a7cd-62018880e131","source":"Embedded","id":"/providers/Microsoft.PowerApps/apis/shared_teams","tier":"NotSpecified"},"shared_teams_1":{"connectionName":"shared-teams-10ed478c-4667-48c8-9d17-dc8b-c9b0fa27","source":"Embedded","id":"/providers/Microsoft.PowerApps/apis/shared_teams","tier":"NotSpecified"}},"flowFailureAlertSubscribed":false,"isManaged":false}}
