{"name":"d0354ede-3d5a-4587-9249-301b207395cb","id":"/providers/Microsoft.Flow/flows/d0354ede-3d5a-4587-9249-301b207395cb","type":"Microsoft.Flow/flows","properties":{"apiId":"/providers/Microsoft.PowerApps/apis/shared_logicflows","displayName":"Teams Shared Voicemail V2.4","definition":{"metadata":{"workflowEntityId":null,"processAdvisorMetadata":null,"flowChargedByPaygo":null,"flowclientsuspensionreason":"None","flowclientsuspensiontime":null,"flowclientsuspensionreasondetails":null,"creator":{"id":"92de3837-bbd6-4099-ae8a-7a1e620b6a8b","type":"User","tenantId":"4bffbf87-53a0-4fce-b58b-4179cb3a3b7d"},"provisioningMethod":"FromDefinition","failureAlertSubscription":true,"clientLastModifiedTime":"2023-12-06T19:56:35.4217716Z","connectionKeySavedTimeKey":"2023-12-06T19:56:35.4217716Z"},"$schema":"https://schema.management.azure.com/providers/Microsoft.Logic/schemas/2016-06-01/workflowdefinition.json#","contentVersion":"1.0.0.0","parameters":{"$connections":{"defaultValue":{},"type":"Object"},"$authentication":{"defaultValue":{},"type":"SecureObject"}},"triggers":{"When_a_new_email_arrives_in_a_shared_mailbox_(V2)":{"recurrence":{"frequency":"Minute","interval":1},"splitOn":"@triggerOutputs()?['body/value']","metadata":{"operationMetadataId":"0766f9f1-a90a-4896-b1b4-fc96ee8e00b6"},"type":"OpenApiConnection","inputs":{"host":{"apiId":"/providers/Microsoft.PowerApps/apis/shared_office365","connectionName":"shared_office365_1","operationId":"SharedMailboxOnNewEmailV2"},"parameters":{"mailboxAddress":"PSTestEVEnabledSharedVoicemail@mozzism.ch;","folderId":"Inbox","importance":"Any","hasAttachments":true,"includeAttachments":true},"authentication":"@parameters('$authentication')"},"description":"Enter the email address of your shared mailbox here."}},"actions":{"Initialize_TeamsCallingDeepLink":{"runAfter":{},"metadata":{"operationMetadataId":"fa85ac9a-b468-43e4-8702-1fd5364b69d9"},"type":"InitializeVariable","inputs":{"variables":[{"name":"TeamsCallingDeepLink","type":"string"}]}},"Apply_to_each":{"foreach":"@triggerOutputs()?['body/attachments']","actions":{"Get_Attachment_(V2)":{"runAfter":{},"metadata":{"operationMetadataId":"efda395c-a14c-47cf-b8c4-88cbee79b29f"},"type":"OpenApiConnection","inputs":{"host":{"apiId":"/providers/Microsoft.PowerApps/apis/shared_office365","connectionName":"shared_office365_1","operationId":"GetAttachment_V2"},"parameters":{"messageId":"@triggerOutputs()?['body/id']","attachmentId":"@items('Apply_to_each')?['id']","mailboxAddress":"PSTestEVEnabledSharedVoicemail@mozzism.ch;"},"authentication":"@parameters('$authentication')"},"description":"Enter the email address of your shared mailbox here."},"If_Attachment_Name_ends_with_.mp3":{"actions":{"Create_file":{"runAfter":{},"metadata":{"operationMetadataId":"87837a72-e9c1-42e5-8430-4b55039488b5"},"type":"OpenApiConnection","inputs":{"host":{"apiId":"/providers/Microsoft.PowerApps/apis/shared_sharepointonline","connectionName":"shared_sharepointonline","operationId":"CreateFile"},"parameters":{"dataset":"https://mozzism.sharepoint.com/sites/PSTestEVEnabledCQ","folderPath":"@variables('FolderPath')","name":"@{formatDateTime(utcNow(),'yyyy-MM-dd hh:mm:ss')}_@{triggerOutputs()?['body/from']}.mp3","body":"@outputs('Get_Attachment_(V2)')?['body/contentBytes']"},"authentication":"@parameters('$authentication')"},"description":"Update site address to your site address.","runtimeConfiguration":{"contentTransfer":{"transferMode":"Chunked"}}},"Create_sharing_link_for_a_file_or_folder":{"runAfter":{"Create_file":["Succeeded"]},"metadata":{"operationMetadataId":"256d0b41-9e95-4153-8e12-42503eb3416c"},"type":"OpenApiConnection","inputs":{"host":{"apiId":"/providers/Microsoft.PowerApps/apis/shared_sharepointonline","connectionName":"shared_sharepointonline","operationId":"CreateSharingLink"},"parameters":{"dataset":"https://mozzism.sharepoint.com/sites/PSTestEVEnabledCQ","table":"b6f9faee-13a3-44df-98d3-a39e13f3cc7a","id":"@outputs('Create_file')?['body/ItemId']","permission/type":"view","permission/scope":"organization"},"authentication":"@parameters('$authentication')"},"description":"Update site address to your site address and reselect the Documents library again."},"Compose_From_Value":{"runAfter":{"Create_sharing_link_for_a_file_or_folder":["Succeeded"]},"metadata":{"operationMetadataId":"1f3cc80f-1887-4577-a69c-1ea75aa124ae"},"type":"Compose","inputs":"@triggerOutputs()?['body/from']"},"If_From_Value_is_Phone_Number":{"actions":{"Compose_TeamsCallingDeepLink_PSTN":{"runAfter":{},"metadata":{"operationMetadataId":"6bb15e37-e45a-4158-942e-545a80481c6b"},"type":"Compose","inputs":"https://teams.microsoft.com/l/call/0/0?users=4:@{replace(outputs('Compose_From_Value'), '+', '%2b')}"},"Set_TeamsCallingDeepLink_PSTN":{"runAfter":{"Compose_TeamsCallingDeepLink_PSTN":["Succeeded"]},"metadata":{"operationMetadataId":"7bce67bf-aeeb-4846-b802-3434566f8e51"},"type":"SetVariable","inputs":{"name":"TeamsCallingDeepLink","value":"@{outputs('Compose_TeamsCallingDeepLink_PSTN')}"}}},"runAfter":{"Compose_From_Value":["Succeeded"]},"else":{"actions":{"Compose_TeamsCallingDeepLink_UPN":{"runAfter":{},"metadata":{"operationMetadataId":"574eb5f8-0d23-4ad4-9f96-157d70ca165b"},"type":"Compose","inputs":"https://teams.microsoft.com/l/call/0/0?users=@{triggerOutputs()?['body/from']}"},"Set_TeamsCallingDeepLink_UPN":{"runAfter":{"Compose_TeamsCallingDeepLink_UPN":["Succeeded"]},"metadata":{"operationMetadataId":"69bcc487-070c-4fed-ac3d-4c570fdf3c43"},"type":"SetVariable","inputs":{"name":"TeamsCallingDeepLink","value":"@{outputs('Compose_TeamsCallingDeepLink_UPN')}"}}}},"expression":{"startsWith":["@outputs('Compose_From_Value')","+"]},"metadata":{"operationMetadataId":"44e6ef40-69f3-453d-a5d6-a791ebba0753"},"type":"If"},"Send_Adaptive_Card_and_Wait_for_a_Response":{"runAfter":{"If_From_Value_is_Phone_Number":["Succeeded"]},"metadata":{"operationMetadataId":"ca5c7e1b-82f2-4440-8fe1-bdaea2549249"},"type":"OpenApiConnectionWebhook","inputs":{"host":{"apiId":"/providers/Microsoft.PowerApps/apis/shared_teams","connectionName":"shared_teams","operationId":"PostCardAndWaitForResponse"},"parameters":{"poster":"Flow bot","location":"Channel","body/body/messageBody":"{\n    \"$schema\": \"http://adaptivecards.io/schemas/adaptive-card.json\",\n    \"type\": \"AdaptiveCard\",\n    \"version\": \"1.3\",\n    \"body\": [\n        {\n            \"type\": \"TextBlock\",\n            \"text\": \"New Voicemail from: @{triggerOutputs()?['body/from']}\",\n            \"size\": \"Large\",\n            \"style\": \"Heading\",\n            \"color\": \"Accent\"\n        },\n        {\n            \"type\": \"Media\",\n            \"sources\": [\n                {\n                    \"mimeType\": \"audio/mpeg\",\n                    \"url\": \"@{outputs('Create_sharing_link_for_a_file_or_folder')?['body/link/webUrl']}\"\n                }\n            ]\n        },\n        {\n            \"type\": \"ActionSet\",\n            \"actions\": [\n                {\n                    \"type\": \"Action.OpenUrl\",\n                    \"title\": \"Call Back\",\n                    \"url\": \"@{variables('TeamsCallingDeepLink')}\"\n                },\n                {\n                    \"type\": \"Action.Submit\",\n                    \"title\": \"Call Completed\",\n                    \"style\": \"positive\"\n                }\n            ]\n        }\n    ]\n}","body/body/updateMessage":"Call back action to @{triggerOutputs()?['body/from']} completed.","body/body/recipient/groupId":"0ad3ddfb-ae4e-4a4e-b564-36231b966ba6","body/body/recipient/channelId":"@variables('ChannelId')"},"authentication":"@parameters('$authentication')"},"description":"Select your Call Queue Team from the list."},"Compose_ResponderName":{"runAfter":{"If_CompletionDuration_is_less_or_equal_60":["Succeeded"]},"metadata":{"operationMetadataId":"b255c1fe-fbe1-47e3-864d-234e177e71c7"},"type":"Compose","inputs":"@Outputs('Send_Adaptive_Card_and_Wait_for_a_Response')?['body/responder']['displayName']"},"Compose_messageId":{"runAfter":{"Compose_ResponderName":["Succeeded"]},"metadata":{"operationMetadataId":"477dc8e1-0361-4d0b-a362-221fb9a66a85"},"type":"Compose","inputs":"@Outputs('Send_Adaptive_Card_and_Wait_for_a_Response')?['body/messageId']"},"Update_an_adaptive_card_in_a_chat_or_channel":{"runAfter":{"Compose_messageId":["Succeeded"]},"metadata":{"operationMetadataId":"8b88e948-ce0e-4e2c-8b5b-86fcbe9c2414"},"type":"OpenApiConnection","inputs":{"host":{"apiId":"/providers/Microsoft.PowerApps/apis/shared_teams","connectionName":"shared_teams_1","operationId":"UpdateCardInConversation"},"parameters":{"poster":"Flow bot","location":"Channel","body/messageId":"@outputs('Compose_messageId')","body/recipient/groupId":"0ad3ddfb-ae4e-4a4e-b564-36231b966ba6","body/recipient/channelId":"@variables('ChannelId')","body/messageBody":"{\n    \"type\": \"AdaptiveCard\",\n    \"$schema\": \"http://adaptivecards.io/schemas/adaptive-card.json\",\n    \"version\": \"1.3\",\n    \"body\": [\n        {\n            \"type\": \"TextBlock\",\n            \"text\": \"Call Back Action Completed\",\n            \"wrap\": true,\n            \"size\": \"Large\",\n            \"style\": \"Heading\",\n            \"color\": \"Good\"\n        },\n        {\n            \"type\": \"FactSet\",\n            \"facts\": [\n                {\n                    \"title\": \"Caller\",\n                    \"value\": \"@{triggerOutputs()?['body/from']}\"\n                },\n                {\n                    \"title\": \"Completed by\",\n                    \"value\": \"@{outputs('Compose_ResponderName')}\"\n                }\n            ],\n            \"separator\": true,\n            \"spacing\": \"Medium\"\n        }\n    ],\n    \"actions\": [\n        {\n            \"type\": \"Action.ShowCard\",\n            \"title\": \"Voicemail Details\",\n            \"card\": {\n                \"type\": \"AdaptiveCard\",\n                \"version\": \"1.3\",\n                \"body\": [\n                    {\n                        \"type\": \"TextBlock\",\n                        \"text\": \"Voicemail from: @{triggerOutputs()?['body/from']}\",\n                        \"size\": \"Large\",\n                        \"style\": \"Heading\",\n                        \"color\": \"Accent\"\n                    },\n                    {\n                        \"type\": \"Media\",\n                        \"sources\": [\n                            {\n                                \"mimeType\": \"audio/mpeg\",\n                                \"url\": \"@{outputs('Create_sharing_link_for_a_file_or_folder')?['body/link/webUrl']}\"\n                            }\n                        ]\n                    },\n                    {\n                        \"type\": \"ActionSet\",\n                        \"actions\": [\n                            {\n                                \"type\": \"Action.OpenUrl\",\n                                \"title\": \"Call Again\",\n                                \"url\": \"@{variables('TeamsCallingDeepLink')}\"\n                            }\n                        ]\n                    }\n                ]\n            },\n            \"tooltip\": \"Click to listen to the message again...\"\n        },\n        {\n            \"type\": \"Action.ShowCard\",\n            \"title\": \"Show Metrics\",\n            \"card\": {\n                \"type\": \"AdaptiveCard\",\n                \"version\": \"1.3\",\n                \"body\": [\n                    {\n                        \"type\": \"ColumnSet\",\n                        \"columns\": [\n                            {\n                                \"type\": \"Column\",\n                                \"width\": \"stretch\",\n                                \"items\": [\n                                    {\n                                        \"type\": \"FactSet\",\n                                        \"facts\": [\n                                            {\n                                                \"title\": \"Time Received\",\n                                                \"value\": \"@{formatDateTime(variables('ReceivedDateTime'), 'yyyy-MM-dd HH:mm')} (UTC)\"\n                                            },\n                                            {\n                                                \"title\": \"Time Completed\",\n                                                \"value\": \"@{formatDateTime(variables('CompletedDateTime'), 'yyyy-MM-dd HH:mm')} (UTC)\"\n                                            },\n                                            {\n                                                \"title\": \"Time to Completion\",\n                                                \"value\": \"@{formatDateTime(addMinutes('1970-01-01T00:00:00Z', variables('CompletionDurationInteger')), 'HH:mm')}\"\n                                            }\n                                        ]\n                                    }\n                                ]\n                            },\n                            {\n                                \"type\": \"Column\",\n                                \"width\": \"auto\",\n                                \"items\": [\n                                    {\n                                        \"type\": \"Image\",\n                                        \"url\": \"@{variables('EmojiUrl')}\",\n                                        \"size\": \"Medium\"\n                                    }\n                                ]\n                            }\n                        ]\n                    }\n                ]\n            },\n            \"tooltip\": \"Click to view metrics...\"\n        }\n    ]\n}"},"authentication":"@parameters('$authentication')"},"description":"Select your Call Queue Team from the list."},"Set_CompletedDateTime":{"runAfter":{"Send_Adaptive_Card_and_Wait_for_a_Response":["Succeeded"]},"metadata":{"operationMetadataId":"826f384d-677e-4126-8c6c-825ca922846b"},"type":"SetVariable","inputs":{"name":"CompletedDateTime","value":"@{utcNow()}"}},"Set_CompletionDurationString":{"runAfter":{"Set_CompletedDateTime":["Succeeded"]},"metadata":{"operationMetadataId":"cb6fd7b5-ca12-46fa-9659-ac64953a81d0"},"type":"SetVariable","inputs":{"name":"CompletionDurationString","value":"@{div(sub(ticks(variables('CompletedDateTime')), ticks(variables('ReceivedDateTime'))), 600000000)}"}},"Set_CompletionDurationInteger":{"runAfter":{"Set_CompletionDurationString":["Succeeded"]},"metadata":{"operationMetadataId":"1725b96e-3dff-4276-a5d0-c6b37aa32d66"},"type":"SetVariable","inputs":{"name":"CompletionDurationInteger","value":"@int(variables('CompletionDurationString'))"}},"If_CompletionDuration_is_less_or_equal_60":{"actions":{"Set_EmojiUrl_to_good":{"runAfter":{},"metadata":{"operationMetadataId":"86aa2e55-4f8f-47b9-9e4e-20f65e946d92"},"type":"SetVariable","inputs":{"name":"EmojiUrl","value":"https://github.com/microsoft/fluentui-emoji/blob/main/assets/Smiling%20face/3D/smiling_face_3d.png?raw=true"}}},"runAfter":{"Set_CompletionDurationInteger":["Succeeded"]},"else":{"actions":{"If_CompletionDuration_is_less_or_equal_120":{"actions":{"Set_EmojiUrl_to_neutral":{"runAfter":{},"metadata":{"operationMetadataId":"85576374-a6c5-4b7c-91f1-dbeb2bc79893"},"type":"SetVariable","inputs":{"name":"EmojiUrl","value":"https://github.com/microsoft/fluentui-emoji/blob/main/assets/Neutral%20face/3D/neutral_face_3d.png?raw=true"}}},"runAfter":{},"else":{"actions":{"Set_EmojiUrl_to_sad":{"runAfter":{},"metadata":{"operationMetadataId":"48984c2f-e4b9-4908-b5a8-ccb9b97e73be"},"type":"SetVariable","inputs":{"name":"EmojiUrl","value":"https://github.com/microsoft/fluentui-emoji/blob/main/assets/Disappointed%20face/3D/disappointed_face_3d.png?raw=true"}}}},"expression":{"lessOrEquals":["@variables('CompletionDurationInteger')",120]},"metadata":{"operationMetadataId":"8268b781-803a-4620-956f-82336045d2d6"},"type":"If"}}},"expression":{"lessOrEquals":["@variables('CompletionDurationInteger')",60]},"metadata":{"operationMetadataId":"d7d335eb-6f5b-4506-a087-eaed29b41070"},"type":"If"},"If_Voicemail_is_On_Call":{"actions":{"Delay_5s":{"runAfter":{},"metadata":{"operationMetadataId":"0d5097e9-545d-450d-bd5f-c19c50d6db41"},"type":"Wait","inputs":{"interval":{"count":5,"unit":"Second"}}},"Get_messages":{"runAfter":{"List_the_members_for_a_tag":["Succeeded"]},"metadata":{"operationMetadataId":"1b9d4a9d-3202-4628-86f7-3b0256030ff7"},"type":"OpenApiConnection","inputs":{"host":{"apiId":"/providers/Microsoft.PowerApps/apis/shared_teams","connectionName":"shared_teams_1","operationId":"GetMessagesFromChannel"},"parameters":{"groupId":"0ad3ddfb-ae4e-4a4e-b564-36231b966ba6","channelId":"19:6a4a07736f2144c383dd195716bed7db@thread.tacv2"},"authentication":"@parameters('$authentication')"},"description":"Select your Team and On Call Voicemail channel from the list."},"Compose_get_Adaptive_Card_Message":{"runAfter":{"Get_messages":["Succeeded"]},"metadata":{"operationMetadataId":"e5a46edf-a5a9-4ff4-b8e9-df85c4e4bfbb"},"type":"Compose","inputs":"@first(outputs('Get_messages')?['body/value'])"},"Parse_JSON_for_messageId":{"runAfter":{"Compose_get_Adaptive_Card_Message":["Succeeded"]},"metadata":{"operationMetadataId":"71055c10-eab8-4e4b-9096-724baa2f423e"},"type":"ParseJson","inputs":{"content":"@outputs('Compose_get_Adaptive_Card_Message')","schema":{"type":"object","properties":{"id":{"type":"string"},"etag":{"type":"string"},"messageType":{"type":"string"},"createdDateTime":{"type":"string"},"lastModifiedDateTime":{"type":"string"},"importance":{"type":"string"},"locale":{"type":"string"},"webUrl":{"type":"string"},"from":{"type":"object","properties":{"application":{"type":"object","properties":{"@@odata.type":{"type":"string"},"id":{"type":"string"},"displayName":{"type":"string"},"applicationIdentityType":{"type":"string"}}}}},"channelIdentity":{"type":"object","properties":{"teamId":{"type":"string"},"channelId":{"type":"string"}}},"attachments":{"type":"array","items":{"type":"object","properties":{"id":{"type":"string"},"contentType":{"type":"string"},"content":{"type":"string"}},"required":["id","contentType","content"]}},"mentions":{"type":"array"},"onBehalfOf":{"type":"object","properties":{"application":{},"device":{},"user":{"type":"object","properties":{"@@odata.type":{"type":"string"},"id":{"type":"string"},"displayName":{"type":"string"},"userIdentityType":{"type":"string"}}}}},"reactions":{"type":"array"},"body":{"type":"object","properties":{"contentType":{"type":"string"},"content":{"type":"string"}}}}}}},"Set_ReplyToMessageId":{"runAfter":{"Parse_JSON_for_messageId":["Succeeded"]},"metadata":{"operationMetadataId":"08599015-e616-4716-a187-f2f8607c754d"},"type":"SetVariable","inputs":{"name":"ReplyToMessageId","value":"@body('Parse_JSON_for_messageId')?['id']"}},"Do_until_Card_is_Marked_as_Completed":{"actions":{"Delay":{"runAfter":{},"metadata":{"operationMetadataId":"8c53a160-bbe8-4d4c-913c-97f854e7e4c5"},"type":"Wait","inputs":{"interval":{"count":15,"unit":"Minute"}}},"Condition":{"actions":{"Set_CallBackCompleted_true":{"runAfter":{},"metadata":{"operationMetadataId":"8768efd1-3b21-4969-baff-d9a84356745f"},"type":"SetVariable","inputs":{"name":"CallBackCompleted","value":true}}},"runAfter":{"Compose_Adaptive_Card_Content":["Succeeded"]},"else":{"actions":{"Apply_to_each_Tag_Member":{"foreach":"@outputs('List_the_members_for_a_tag')?['body/value']","actions":{"Post_a_feed_notification":{"runAfter":{},"metadata":{"operationMetadataId":"2e5cdc74-39f9-436a-ad73-d84e9d39ca52"},"type":"OpenApiConnection","inputs":{"host":{"apiId":"/providers/Microsoft.PowerApps/apis/shared_teams","connectionName":"shared_teams_1","operationId":"PostFeedNotification"},"parameters":{"poster":"Flow bot","notificationType":"team","body/recipient":"@items('Apply_to_each_Tag_Member')?['userId']","body/previewText":"Action Required: Call Back for On Call Voicemail","body/channelRecipient/groupId":"0ad3ddfb-ae4e-4a4e-b564-36231b966ba6","body/channelRecipient/channelId":"19:6a4a07736f2144c383dd195716bed7db@thread.tacv2","body/messageId":"@variables('ReplyToMessageId')"},"authentication":"@parameters('$authentication')"},"description":"Select your Team and On Call Voicemail channel from the list."}},"runAfter":{},"metadata":{"operationMetadataId":"a4d12ae0-1d32-413d-be24-7e865a9ca0d2"},"type":"Foreach"}}},"expression":{"contains":["@outputs('Compose_Adaptive_Card_Content')","Call Back Action Completed"]},"metadata":{"operationMetadataId":"c3c3c074-a0a8-4986-9033-b4fb187b0640"},"type":"If"},"Get_message_details":{"runAfter":{"Delay":["Succeeded"]},"metadata":{"operationMetadataId":"7b8f29a0-ffcd-4e1c-8ef9-ea79023b2a40"},"type":"OpenApiConnection","inputs":{"host":{"apiId":"/providers/Microsoft.PowerApps/apis/shared_teams","connectionName":"shared_teams_1","operationId":"GetMessageDetails"},"parameters":{"messageId":"@variables('ReplyToMessageId')","threadType":"channel","body/recipient/groupId":"0ad3ddfb-ae4e-4a4e-b564-36231b966ba6","body/recipient/channelId":"19:6a4a07736f2144c383dd195716bed7db@thread.tacv2"},"authentication":"@parameters('$authentication')"},"description":"Select your Team and On Call Voicemail channel from the list."},"Parse_JSON_for_Adaptive_Card_Content":{"runAfter":{"Get_message_details":["Succeeded"]},"metadata":{"operationMetadataId":"907f80cd-2b35-412e-b07f-0f199718908f"},"type":"ParseJson","inputs":{"content":"@body('Get_message_details')","schema":{"type":"object","properties":{"body":{"type":"object","properties":{"@@odata.context":{"type":"string"},"id":{"type":"string"},"replyToId":{"type":"string"},"etag":{"type":"string"},"messageType":{"type":"string"},"createdDateTime":{"type":"string"},"lastModifiedDateTime":{"type":"string"},"lastEditedDateTime":{"type":"string"},"deletedDateTime":{},"subject":{},"summary":{},"chatId":{},"importance":{"type":"string"},"locale":{"type":"string"},"webUrl":{"type":"string"},"policyViolation":{},"eventDetail":{},"from":{"type":"object","properties":{"device":{},"user":{},"application":{"type":"object","properties":{"@@odata.type":{"type":"string"},"id":{"type":"string"},"displayName":{"type":"string"},"applicationIdentityType":{"type":"string"}}}}},"body":{"type":"object","properties":{"contentType":{"type":"string"},"content":{"type":"string"},"plainTextContent":{"type":"string"}}},"channelIdentity":{"type":"object","properties":{"teamId":{"type":"string"},"channelId":{"type":"string"}}},"attachments":{"type":"array","items":{"type":"object","properties":{"id":{"type":"string"},"contentType":{"type":"string"},"contentUrl":{},"content":{"type":"string"},"name":{},"thumbnailUrl":{},"teamsAppId":{}},"required":["id","contentType","contentUrl","content","name","thumbnailUrl","teamsAppId"]}},"mentions":{"type":"array"},"reactions":{"type":"array"},"messageLink":{"type":"string"},"threadType":{"type":"string"},"teamId":{"type":"string"},"channelId":{"type":"string"}}}}}}},"Compose_Adaptive_Card_Content":{"runAfter":{"Parse_JSON_for_Adaptive_Card_Content":["Succeeded"]},"metadata":{"operationMetadataId":"48fad1f2-3f46-45eb-b5fc-0808aa949a24"},"type":"Compose","inputs":"@outputs('Parse_JSON_for_Adaptive_Card_Content')['body']['attachments'][0]['content']"}},"runAfter":{"Set_ReplyToMessageId":["Succeeded"]},"expression":"@equals(variables('CallBackCompleted'), true)","limit":{"count":20,"timeout":"PT4H"},"metadata":{"operationMetadataId":"34e59458-5854-4d56-8d54-ca430f410eb0"},"type":"Until"},"List_the_members_for_a_tag":{"runAfter":{"Delay_5s":["Succeeded"]},"metadata":{"operationMetadataId":"dbb5a39e-5a72-4928-b8a7-2be649ddbfdc"},"type":"OpenApiConnection","inputs":{"host":{"apiId":"/providers/Microsoft.PowerApps/apis/shared_teams","connectionName":"shared_teams_1","operationId":"GetTagMembers"},"parameters":{"groupId":"0ad3ddfb-ae4e-4a4e-b564-36231b966ba6","tagId":"NGJmZmJmODctNTNhMC00ZmNlLWI1OGItNDE3OWNiM2EzYjdkIyMwYWQzZGRmYi1hZTRlLTRhNGUtYjU2NC0zNjIzMWI5NjZiYTYjI3M1UDJlNmVldA=="},"authentication":"@parameters('$authentication')"},"description":"Select your Call Queue Team and the Shift Tag from the list."}},"runAfter":{"If_From_Value_is_Phone_Number":["Succeeded"]},"expression":{"equals":["@variables('FolderPath')","/Freigegebene Dokumente/4 - Voicemail - On Call"]},"metadata":{"operationMetadataId":"5e1aa715-e06e-4a74-b203-cb3f09cbf407"},"type":"If","description":"Set the is equal to value to the same as the FolderPath variable for the On Call voicemail channel folder path."}},"runAfter":{"Get_Attachment_(V2)":["Succeeded"]},"expression":{"endsWith":["@outputs('Get_Attachment_(V2)')?['body/name']",".mp3"]},"metadata":{"operationMetadataId":"b4b465ea-9040-418f-b5ec-0953a9c3107a"},"type":"If"}},"runAfter":{"If_Subject_match_On_Call":["Succeeded"]},"metadata":{"operationMetadataId":"0903efe9-ea06-422f-8f59-da144d490bbe"},"type":"Foreach","description":"Enter the email address of your shared mailbox here."},"Initialize_ReceivedDateTime":{"runAfter":{"Initialize_TeamsCallingDeepLink":["Succeeded"]},"metadata":{"operationMetadataId":"91fde92a-3037-4833-9239-99c16383636c"},"type":"InitializeVariable","inputs":{"variables":[{"name":"ReceivedDateTime","type":"string","value":"@{utcNow()}"}]}},"Initialize_CompletedDateTime":{"runAfter":{"Initialize_ReceivedDateTime":["Succeeded"]},"metadata":{"operationMetadataId":"8c777a3a-43ad-4cbb-bab7-53a5236a3dcc"},"type":"InitializeVariable","inputs":{"variables":[{"name":"CompletedDateTime","type":"string"}]}},"Initialize_CompletionDurationString":{"runAfter":{"Initialize_CompletedDateTime":["Succeeded"]},"metadata":{"operationMetadataId":"422fbeae-882f-42bc-9630-f9bca4ededd9"},"type":"InitializeVariable","inputs":{"variables":[{"name":"CompletionDurationString","type":"string"}]}},"Initialize_CompletionDurationInteger":{"runAfter":{"Initialize_CompletionDurationString":["Succeeded"]},"metadata":{"operationMetadataId":"0ca04c69-22fd-4fe2-bc53-957a0073057b"},"type":"InitializeVariable","inputs":{"variables":[{"name":"CompletionDurationInteger","type":"integer"}]}},"Initialize_EmojiUrl":{"runAfter":{"Initialize_CompletionDurationInteger":["Succeeded"]},"metadata":{"operationMetadataId":"ae1dea70-7767-4055-8e79-46cf4db2317a"},"type":"InitializeVariable","inputs":{"variables":[{"name":"EmojiUrl","type":"string"}]}},"Initialize_ChannelId":{"runAfter":{"Initialize_EmojiUrl":["Succeeded"]},"metadata":{"operationMetadataId":"216f9a55-9185-43a9-aba6-f0cf3c13c00a"},"type":"InitializeVariable","inputs":{"variables":[{"name":"ChannelId","type":"string"}]}},"If_Subject_match_On_Call":{"actions":{"Set_ChannelId_On_Call":{"runAfter":{},"metadata":{"operationMetadataId":"a72c204e-7c91-4011-b040-e71ec2a54431"},"type":"SetVariable","inputs":{"name":"ChannelId","value":"19:6a4a07736f2144c383dd195716bed7db@thread.tacv2"},"description":"Enter the channel id of your On Call voicemail channel here (You can get it from Old Teams Web Client)."},"Set_FolderPath_On_Call":{"runAfter":{"Set_ChannelId_On_Call":["Succeeded"]},"metadata":{"operationMetadataId":"14bf0c42-02e1-4af7-b906-50f477eb1ac2"},"type":"SetVariable","inputs":{"name":"FolderPath","value":"/Freigegebene Dokumente/4 - Voicemail - On Call"},"description":"Update path to your On Call voicemail folder path in SharePoint."}},"runAfter":{"Initialize_ReplyToMessageId":["Succeeded"]},"else":{"actions":{"Set_ChannelId_Business_Hours":{"runAfter":{},"metadata":{"operationMetadataId":"80bd5ace-a717-4da0-9d54-143bc0f6cf6e"},"type":"SetVariable","inputs":{"name":"ChannelId","value":"19:7e7f426dbba8494cb09b0769c3146b0d@thread.tacv2"},"description":"Enter the channel id of your voicemail channel here (You can get it from Old Teams Web Client)."},"Set_FolderPath_Business_Hours":{"runAfter":{"Set_ChannelId_Business_Hours":["Succeeded"]},"metadata":{"operationMetadataId":"b388a3c9-f420-4884-ae5a-9f47dbcfff52"},"type":"SetVariable","inputs":{"name":"FolderPath","value":"/Freigegebene Dokumente/3 - Voicemail"},"description":"Update path to your voicemail folder path in SharePoint."}}},"expression":{"contains":["@triggerOutputs()?['body/subject']","On Call"]},"metadata":{"operationMetadataId":"f838c4da-e3cc-41f5-acbf-720b3c8fc2b4"},"type":"If"},"Initialize_FolderPath":{"runAfter":{"Initialize_ChannelId":["Succeeded"]},"metadata":{"operationMetadataId":"6e30f0c7-4c0b-4ba7-ac0c-15bdf7508853"},"type":"InitializeVariable","inputs":{"variables":[{"name":"FolderPath","type":"string"}]}},"CallBackCompleted":{"runAfter":{"Initialize_FolderPath":["Succeeded"]},"metadata":{"operationMetadataId":"31f4bbbd-e319-43b6-9d6b-1ee1a3a07c8a"},"type":"InitializeVariable","inputs":{"variables":[{"name":"CallBackCompleted","type":"boolean","value":false}]}},"Initialize_AdaptiveCardSearchString":{"runAfter":{"CallBackCompleted":["Succeeded"]},"metadata":{"operationMetadataId":"a6c75322-16ae-4664-86c2-a6dc2d54d63c"},"type":"InitializeVariable","inputs":{"variables":[{"name":"AdaptiveCardSearchString","type":"string","value":"New Voicemail from: @{triggerOutputs()?['body/from']}"}]}},"Initialize_ReplyToMessageId":{"runAfter":{"Initialize_AdaptiveCardSearchString":["Succeeded"]},"metadata":{"operationMetadataId":"21f8a72f-2465-4a14-b840-87bf056cee98"},"type":"InitializeVariable","inputs":{"variables":[{"name":"ReplyToMessageId","type":"string"}]}}}},"connectionReferences":{"shared_office365_1":{"connectionName":"shared-office365-423516a1-4817-45ad-97b7-58835f7e1d5f","source":"Embedded","id":"/providers/Microsoft.PowerApps/apis/shared_office365","tier":"NotSpecified"},"shared_sharepointonline":{"connectionName":"9a299e9989d04044be1eb022ff1c5ee5","source":"Embedded","id":"/providers/Microsoft.PowerApps/apis/shared_sharepointonline","tier":"NotSpecified"},"shared_teams":{"connectionName":"shared-teams-7674875b-d712-4641-a7cd-62018880e131","source":"Embedded","id":"/providers/Microsoft.PowerApps/apis/shared_teams","tier":"NotSpecified"},"shared_teams_1":{"connectionName":"shared-teams-10ed478c-4667-48c8-9d17-dc8b-c9b0fa27","source":"Embedded","id":"/providers/Microsoft.PowerApps/apis/shared_teams","tier":"NotSpecified"}},"flowFailureAlertSubscribed":false,"isManaged":false}}