{"name":"8c71a2bb-6f07-4d12-9349-1b9dc4b6fdf8","id":"/providers/Microsoft.Flow/flows/8c71a2bb-6f07-4d12-9349-1b9dc4b6fdf8","type":"Microsoft.Flow/flows","properties":{"apiId":"/providers/Microsoft.PowerApps/apis/shared_logicflows","displayName":"Teams Shared Voicemail Basic V3 (Group Mailbox)","definition":{"metadata":{"workflowEntityId":null,"processAdvisorMetadata":null,"flowChargedByPaygo":null,"flowclientsuspensionreason":"None","flowclientsuspensiontime":null,"flowclientsuspensionreasondetails":null,"creator":{"id":"92de3837-bbd6-4099-ae8a-7a1e620b6a8b","type":"User","tenantId":"4bffbf87-53a0-4fce-b58b-4179cb3a3b7d"},"provisioningMethod":"FromDefinition","failureAlertSubscription":true,"clientLastModifiedTime":"2024-01-17T22:37:45.9485858Z","connectionKeySavedTimeKey":"2024-01-17T22:37:45.9485858Z"},"$schema":"https://schema.management.azure.com/providers/Microsoft.Logic/schemas/2016-06-01/workflowdefinition.json#","contentVersion":"1.0.0.0","parameters":{"$connections":{"defaultValue":{},"type":"Object"},"$authentication":{"defaultValue":{},"type":"SecureObject"}},"triggers":{"When_a_new_email_arrives_to_a_group":{"recurrence":{"frequency":"Minute","interval":1},"splitOn":"@triggerOutputs()?['body/value']","metadata":{"operationMetadataId":"dadf1d97-c671-437f-a220-90476ad55693"},"type":"OpenApiConnection","inputs":{"host":{"apiId":"/providers/Microsoft.PowerApps/apis/shared_office365groupsmail","connectionName":"shared_office365groupsmail","operationId":"OnNewEmailInGroup"},"parameters":{"groupId":"0ad3ddfb-ae4e-4a4e-b564-36231b966ba6"},"authentication":"@parameters('$authentication')"}}},"actions":{"Apply_to_each_thread":{"foreach":"@triggerOutputs()?['body/threads']","actions":{"Apply_to_each_post":{"foreach":"@items('Apply_to_each_thread')?['posts']","actions":{"Get_a_thread_post":{"runAfter":{},"metadata":{"operationMetadataId":"bcfb1c23-9563-4912-9917-1ef1d5a76ff1"},"type":"OpenApiConnection","inputs":{"host":{"apiId":"/providers/Microsoft.PowerApps/apis/shared_office365groupsmail","connectionName":"shared_office365groupsmail","operationId":"GetThreadPost"},"parameters":{"groupId":"0ad3ddfb-ae4e-4a4e-b564-36231b966ba6","threadId":"@items('Apply_to_each_thread')?['id']","postId":"@item()?['id']"},"authentication":"@parameters('$authentication')"}},"Apply_to_each_attachment":{"foreach":"@outputs('Get_a_thread_post')?['body/attachments']","actions":{"If_Attachment_name_ends_with_.mp3":{"actions":{"Create_file":{"runAfter":{},"metadata":{"operationMetadataId":"b620048a-f075-40d8-8452-d1f3fc4970ee"},"type":"OpenApiConnection","inputs":{"host":{"apiId":"/providers/Microsoft.PowerApps/apis/shared_sharepointonline","connectionName":"shared_sharepointonline","operationId":"CreateFile"},"parameters":{"dataset":"https://mozzism.sharepoint.com/sites/PSTestEVEnabledCQ","folderPath":"/Freigegebene Dokumente/3 - Voicemail","name":"@{formatDateTime(utcNow(),'yyyy-MM-dd hh:mm:ss')}_@{triggerOutputs()?['body/from']}.mp3","body":"@items('Apply_to_each_attachment')?['contentBytes']"},"authentication":"@parameters('$authentication')"},"runtimeConfiguration":{"contentTransfer":{"transferMode":"Chunked"}}},"Create_sharing_link_for_a_file_or_folder":{"runAfter":{"Create_file":["Succeeded"]},"metadata":{"operationMetadataId":"ceb0e1e8-cbb8-4dfb-b8fa-5ecc89d7f15a"},"type":"OpenApiConnection","inputs":{"host":{"apiId":"/providers/Microsoft.PowerApps/apis/shared_sharepointonline","connectionName":"shared_sharepointonline","operationId":"CreateSharingLink"},"parameters":{"dataset":"https://mozzism.sharepoint.com/sites/PSTestEVEnabledCQ","table":"b6f9faee-13a3-44df-98d3-a39e13f3cc7a","id":"@outputs('Create_file')?['body/ItemId']","permission/type":"view","permission/scope":"organization"},"authentication":"@parameters('$authentication')"}},"Compose_From_Address_or_Number":{"runAfter":{"Create_sharing_link_for_a_file_or_folder":["Succeeded"]},"metadata":{"operationMetadataId":"1f3cc80f-1887-4577-a69c-1ea75aa124ae"},"type":"Compose","inputs":"@outputs('Get_a_thread_post')['body']['from']['emailAddress']['address']"},"If_From_Value_is_Phone_Number":{"actions":{"Compose_TeamsCallingDeepLink_PSTN":{"runAfter":{},"metadata":{"operationMetadataId":"6bb15e37-e45a-4158-942e-545a80481c6b"},"type":"Compose","inputs":"https://teams.microsoft.com/l/call/0/0?users=4:@{replace(outputs('Compose_From_Address_or_Number'), '+', '%2b')}"},"Set_TeamsCallingDeepLink_PSTN":{"runAfter":{"Compose_TeamsCallingDeepLink_PSTN":["Succeeded"]},"metadata":{"operationMetadataId":"7bce67bf-aeeb-4846-b802-3434566f8e51"},"type":"SetVariable","inputs":{"name":"TeamsCallingDeepLink","value":"@{outputs('Compose_TeamsCallingDeepLink_PSTN')}"}}},"runAfter":{"Compose_From_Name":["Succeeded"]},"else":{"actions":{"Compose_TeamsCallingDeepLink_UPN":{"runAfter":{},"metadata":{"operationMetadataId":"574eb5f8-0d23-4ad4-9f96-157d70ca165b"},"type":"Compose","inputs":"https://teams.microsoft.com/l/call/0/0?users=@{outputs('Compose_From_Address_or_Number')}"},"Set_TeamsCallingDeepLink_UPN":{"runAfter":{"Compose_TeamsCallingDeepLink_UPN":["Succeeded"]},"metadata":{"operationMetadataId":"69bcc487-070c-4fed-ac3d-4c570fdf3c43"},"type":"SetVariable","inputs":{"name":"TeamsCallingDeepLink","value":"@{outputs('Compose_TeamsCallingDeepLink_UPN')}"}}}},"expression":{"startsWith":["@outputs('Compose_From_Address_or_Number')","+"]},"metadata":{"operationMetadataId":"44e6ef40-69f3-453d-a5d6-a791ebba0753"},"type":"If"},"Send_Adaptive_Card_and_Wait_for_a_Response":{"runAfter":{"If_From_Value_is_Phone_Number":["Succeeded"]},"metadata":{"operationMetadataId":"ca5c7e1b-82f2-4440-8fe1-bdaea2549249"},"type":"OpenApiConnectionWebhook","inputs":{"host":{"apiId":"/providers/Microsoft.PowerApps/apis/shared_teams","connectionName":"shared_teams","operationId":"PostCardAndWaitForResponse"},"parameters":{"poster":"Flow bot","location":"Channel","body/body/messageBody":"{\n    \"$schema\": \"http://adaptivecards.io/schemas/adaptive-card.json\",\n    \"type\": \"AdaptiveCard\",\n    \"version\": \"1.3\",\n    \"body\": [\n        {\n            \"type\": \"TextBlock\",\n            \"text\": \"New Voicemail from: @{outputs('Compose_From_Name')}\",\n            \"size\": \"Large\",\n            \"style\": \"Heading\",\n            \"color\": \"Accent\"\n        },\n        {\n            \"type\": \"Media\",\n            \"sources\": [\n                {\n                    \"mimeType\": \"audio/mpeg\",\n                    \"url\": \"@{outputs('Create_sharing_link_for_a_file_or_folder')?['body/link/webUrl']}\"\n                }\n            ]\n        },\n        {\n            \"type\": \"ActionSet\",\n            \"actions\": [\n                {\n                    \"type\": \"Action.OpenUrl\",\n                    \"title\": \"Call Back\",\n                    \"url\": \"@{variables('TeamsCallingDeepLink')}\"\n                },\n                {\n                    \"type\": \"Action.OpenUrl\",\n                    \"title\": \"Open MP3\",\n                    \"url\": \"@{outputs('Create_sharing_link_for_a_file_or_folder')?['body/link/webUrl']}\"\n                },\n                {\n                    \"type\": \"Action.Submit\",\n                    \"title\": \"Call Completed\",\n                    \"style\": \"positive\"\n                }\n            ]\n        }\n    ]\n}","body/body/updateMessage":"Call back action to @{outputs('Compose_From_Name')} completed.","body/body/recipient/groupId":"0ad3ddfb-ae4e-4a4e-b564-36231b966ba6","body/body/recipient/channelId":"19:7e7f426dbba8494cb09b0769c3146b0d@thread.tacv2"},"authentication":"@parameters('$authentication')"}},"Set_CompletedDateTime":{"runAfter":{"Send_Adaptive_Card_and_Wait_for_a_Response":["Succeeded"]},"metadata":{"operationMetadataId":"826f384d-677e-4126-8c6c-825ca922846b"},"type":"SetVariable","inputs":{"name":"CompletedDateTime","value":"@{utcNow()}"}},"Set_CompletionDurationString":{"runAfter":{"Set_CompletedDateTime":["Succeeded"]},"metadata":{"operationMetadataId":"cb6fd7b5-ca12-46fa-9659-ac64953a81d0"},"type":"SetVariable","inputs":{"name":"CompletionDurationString","value":"@{div(sub(ticks(variables('CompletedDateTime')), ticks(variables('ReceivedDateTime'))), 600000000)}"}},"Set_CompletionDurationInteger":{"runAfter":{"Set_CompletionDurationString":["Succeeded"]},"metadata":{"operationMetadataId":"1725b96e-3dff-4276-a5d0-c6b37aa32d66"},"type":"SetVariable","inputs":{"name":"CompletionDurationInteger","value":"@int(variables('CompletionDurationString'))"}},"If_CompletionDuration_is_less_or_equal_60":{"actions":{"Set_EmojiUrl_to_good":{"runAfter":{},"metadata":{"operationMetadataId":"86aa2e55-4f8f-47b9-9e4e-20f65e946d92"},"type":"SetVariable","inputs":{"name":"EmojiUrl","value":"https://github.com/microsoft/fluentui-emoji/blob/main/assets/Smiling%20face/3D/smiling_face_3d.png?raw=true"}}},"runAfter":{"Set_CompletionDurationInteger":["Succeeded"]},"else":{"actions":{"If_CompletionDuration_is_less_or_equal_120":{"actions":{"Set_EmojiUrl_to_neutral":{"runAfter":{},"metadata":{"operationMetadataId":"85576374-a6c5-4b7c-91f1-dbeb2bc79893"},"type":"SetVariable","inputs":{"name":"EmojiUrl","value":"https://github.com/microsoft/fluentui-emoji/blob/main/assets/Neutral%20face/3D/neutral_face_3d.png?raw=true"}}},"runAfter":{},"else":{"actions":{"Set_EmojiUrl_to_sad":{"runAfter":{},"metadata":{"operationMetadataId":"48984c2f-e4b9-4908-b5a8-ccb9b97e73be"},"type":"SetVariable","inputs":{"name":"EmojiUrl","value":"https://github.com/microsoft/fluentui-emoji/blob/main/assets/Disappointed%20face/3D/disappointed_face_3d.png?raw=true"}}}},"expression":{"lessOrEquals":["@variables('CompletionDurationInteger')",120]},"metadata":{"operationMetadataId":"8268b781-803a-4620-956f-82336045d2d6"},"type":"If"}}},"expression":{"lessOrEquals":["@variables('CompletionDurationInteger')",60]},"metadata":{"operationMetadataId":"d7d335eb-6f5b-4506-a087-eaed29b41070"},"type":"If"},"Compose_ResponderName":{"runAfter":{"If_CompletionDuration_is_less_or_equal_60":["Succeeded"]},"metadata":{"operationMetadataId":"b255c1fe-fbe1-47e3-864d-234e177e71c7"},"type":"Compose","inputs":"@Outputs('Send_Adaptive_Card_and_Wait_for_a_Response')?['body/responder']['displayName']"},"Compose_messageId":{"runAfter":{"Compose_ResponderName":["Succeeded"]},"metadata":{"operationMetadataId":"477dc8e1-0361-4d0b-a362-221fb9a66a85"},"type":"Compose","inputs":"@Outputs('Send_Adaptive_Card_and_Wait_for_a_Response')?['body/messageId']"},"Update_an_adaptive_card_in_a_chat_or_channel":{"runAfter":{"Compose_messageId":["Succeeded"]},"metadata":{"operationMetadataId":"8b88e948-ce0e-4e2c-8b5b-86fcbe9c2414"},"type":"OpenApiConnection","inputs":{"host":{"apiId":"/providers/Microsoft.PowerApps/apis/shared_teams","connectionName":"shared_teams_1","operationId":"UpdateCardInConversation"},"parameters":{"poster":"Flow bot","location":"Channel","body/messageId":"@outputs('Compose_messageId')","body/recipient/groupId":"0ad3ddfb-ae4e-4a4e-b564-36231b966ba6","body/recipient/channelId":"19:7e7f426dbba8494cb09b0769c3146b0d@thread.tacv2","body/messageBody":"{\n    \"type\": \"AdaptiveCard\",\n    \"$schema\": \"http://adaptivecards.io/schemas/adaptive-card.json\",\n    \"version\": \"1.3\",\n    \"body\": [\n        {\n            \"type\": \"TextBlock\",\n            \"text\": \"Call Back Action Completed\",\n            \"wrap\": true,\n            \"size\": \"Large\",\n            \"style\": \"heading\",\n            \"color\": \"Good\"\n        },\n        {\n            \"type\": \"FactSet\",\n            \"facts\": [\n                {\n                    \"title\": \"Caller\",\n                    \"value\": \"@{outputs('Compose_From_Name')}\"\n                },\n                {\n                    \"title\": \"Completed by\",\n                    \"value\": \"@{outputs('Compose_ResponderName')}\"\n                }\n            ],\n            \"separator\": true,\n            \"spacing\": \"Medium\"\n        }\n    ],\n    \"actions\": [\n        {\n            \"type\": \"Action.ShowCard\",\n            \"title\": \"Voicemail Details\",\n            \"card\": {\n                \"type\": \"AdaptiveCard\",\n                \"version\": \"1.3\",\n                \"body\": [\n                    {\n                        \"type\": \"TextBlock\",\n                        \"text\": \"Voicemail from: @{outputs('Compose_From_Name')}\",\n                        \"size\": \"Large\",\n                        \"style\": \"Heading\",\n                        \"color\": \"Accent\"\n                    },\n                    {\n                        \"type\": \"Media\",\n                        \"sources\": [\n                            {\n                                \"mimeType\": \"audio/mpeg\",\n                                \"url\": \"@{outputs('Create_sharing_link_for_a_file_or_folder')?['body/link/webUrl']}\"\n                            }\n                        ]\n                    },\n                    {\n                        \"type\": \"ActionSet\",\n                        \"actions\": [\n                            {\n                                \"type\": \"Action.OpenUrl\",\n                                \"title\": \"Call Again\",\n                                \"url\": \"@{variables('TeamsCallingDeepLink')}\"\n                            },\n                            {\n                                \"type\": \"Action.OpenUrl\",\n                                \"title\": \"Open MP3\",\n                                \"url\": \"@{outputs('Create_sharing_link_for_a_file_or_folder')?['body/link/webUrl']}\"\n                            }\n                        ]\n                    }\n                ]\n            },\n            \"tooltip\": \"Click to listen to the message again...\"\n        },\n        {\n            \"type\": \"Action.ShowCard\",\n            \"title\": \"Show Metrics\",\n            \"card\": {\n                \"type\": \"AdaptiveCard\",\n                \"version\": \"1.3\",\n                \"body\": [\n                    {\n                        \"type\": \"ColumnSet\",\n                        \"columns\": [\n                            {\n                                \"type\": \"Column\",\n                                \"width\": \"stretch\",\n                                \"items\": [\n                                    {\n                                        \"type\": \"FactSet\",\n                                        \"facts\": [\n                                            {\n                                                \"title\": \"Time Received\",\n                                                \"value\": \"@{formatDateTime(variables('ReceivedDateTime'), 'yyyy-MM-dd HH:mm')} (UTC)\"\n                                            },\n                                            {\n                                                \"title\": \"Time Completed\",\n                                                \"value\": \"@{formatDateTime(variables('CompletedDateTime'), 'yyyy-MM-dd HH:mm')} (UTC)\"\n                                            },\n                                            {\n                                                \"title\": \"Time to Completion\",\n                                                \"value\": \"@{formatDateTime(addMinutes('1970-01-01T00:00:00Z', variables('CompletionDurationInteger')), 'HH:mm')}\"\n                                            }\n                                        ]\n                                    }\n                                ]\n                            },\n                            {\n                                \"type\": \"Column\",\n                                \"width\": \"auto\",\n                                \"items\": [\n                                    {\n                                        \"type\": \"Image\",\n                                        \"url\": \"@{variables('EmojiUrl')}\",\n                                        \"size\": \"Medium\"\n                                    }\n                                ]\n                            }\n                        ]\n                    }\n                ]\n            },\n            \"tooltip\": \"Click to view metrics...\"\n        }\n    ]\n}"},"authentication":"@parameters('$authentication')"}},"Delay":{"runAfter":{"If_From_Value_is_Phone_Number":["Succeeded"]},"metadata":{"operationMetadataId":"d022b717-8149-493e-8c81-6269d3e66407"},"type":"Wait","inputs":{"interval":{"count":5,"unit":"Second"}}},"List_the_members_for_a_tag":{"runAfter":{"Delay":["Succeeded"]},"metadata":{"operationMetadataId":"9b7af76f-c5f2-42c0-9f70-c0aea6c5106b"},"type":"OpenApiConnection","inputs":{"host":{"apiId":"/providers/Microsoft.PowerApps/apis/shared_teams","connectionName":"shared_teams_1","operationId":"GetTagMembers"},"parameters":{"groupId":"0ad3ddfb-ae4e-4a4e-b564-36231b966ba6","tagId":"NGJmZmJmODctNTNhMC00ZmNlLWI1OGItNDE3OWNiM2EzYjdkIyMwYWQzZGRmYi1hZTRlLTRhNGUtYjU2NC0zNjIzMWI5NjZiYTYjI3R1dDlZWFd3TQ=="},"authentication":"@parameters('$authentication')"}},"Get_messages":{"runAfter":{"List_the_members_for_a_tag":["Succeeded"]},"metadata":{"operationMetadataId":"1b9d4a9d-3202-4628-86f7-3b0256030ff7"},"type":"OpenApiConnection","inputs":{"host":{"apiId":"/providers/Microsoft.PowerApps/apis/shared_teams","connectionName":"shared_teams_1","operationId":"GetMessagesFromChannel"},"parameters":{"groupId":"0ad3ddfb-ae4e-4a4e-b564-36231b966ba6","channelId":"19:7e7f426dbba8494cb09b0769c3146b0d@thread.tacv2"},"authentication":"@parameters('$authentication')"}},"Compose_get_Adaptive_Card_Message":{"runAfter":{"Get_messages":["Succeeded"]},"metadata":{"operationMetadataId":"e5a46edf-a5a9-4ff4-b8e9-df85c4e4bfbb"},"type":"Compose","inputs":"@first(outputs('Get_messages')?['body/value'])"},"Parse_JSON_for_messageId":{"runAfter":{"Compose_get_Adaptive_Card_Message":["Succeeded"]},"metadata":{"operationMetadataId":"71055c10-eab8-4e4b-9096-724baa2f423e"},"type":"ParseJson","inputs":{"content":"@outputs('Compose_get_Adaptive_Card_Message')","schema":{"type":"object","properties":{"id":{"type":"string"},"etag":{"type":"string"},"messageType":{"type":"string"},"createdDateTime":{"type":"string"},"lastModifiedDateTime":{"type":"string"},"importance":{"type":"string"},"locale":{"type":"string"},"webUrl":{"type":"string"},"from":{"type":"object","properties":{"application":{"type":"object","properties":{"@@odata.type":{"type":"string"},"id":{"type":"string"},"displayName":{"type":"string"},"applicationIdentityType":{"type":"string"}}}}},"channelIdentity":{"type":"object","properties":{"teamId":{"type":"string"},"channelId":{"type":"string"}}},"attachments":{"type":"array","items":{"type":"object","properties":{"id":{"type":"string"},"contentType":{"type":"string"},"content":{"type":"string"}},"required":["id","contentType","content"]}},"mentions":{"type":"array"},"onBehalfOf":{"type":"object","properties":{"application":{},"device":{},"user":{"type":"object","properties":{"@@odata.type":{"type":"string"},"id":{"type":"string"},"displayName":{"type":"string"},"userIdentityType":{"type":"string"}}}}},"reactions":{"type":"array"},"body":{"type":"object","properties":{"contentType":{"type":"string"},"content":{"type":"string"}}}}}}},"Set_variable":{"runAfter":{"Parse_JSON_for_messageId":["Succeeded"]},"metadata":{"operationMetadataId":"08599015-e616-4716-a187-f2f8607c754d"},"type":"SetVariable","inputs":{"name":"ReplyToMessageId","value":"@body('Parse_JSON_for_messageId')?['id']"}},"Apply_to_each":{"foreach":"@outputs('List_the_members_for_a_tag')?['body/value']","actions":{"Post_a_feed_notification":{"runAfter":{},"metadata":{"operationMetadataId":"594f0fd2-0b3c-4104-bba0-fbced9201879"},"type":"OpenApiConnection","inputs":{"host":{"apiId":"/providers/Microsoft.PowerApps/apis/shared_teams","connectionName":"shared_teams","operationId":"PostFeedNotification"},"parameters":{"poster":"Flow bot","notificationType":"team","body/recipient":"@items('Apply_to_each')?['userId']","body/previewText":"New Voicemail","body/channelRecipient/groupId":"0ad3ddfb-ae4e-4a4e-b564-36231b966ba6","body/channelRecipient/channelId":"19:7e7f426dbba8494cb09b0769c3146b0d@thread.tacv2","body/messageId":"@variables('ReplyToMessageId')"},"authentication":"@parameters('$authentication')"}}},"runAfter":{"Set_variable":["Succeeded"]},"metadata":{"operationMetadataId":"b0d70185-d749-4445-8f21-255a5d9a992c"},"type":"Foreach"},"Compose_From_Name":{"runAfter":{"Compose_From_Address_or_Number":["Succeeded"]},"metadata":{"operationMetadataId":"4708c63d-281d-4c57-b4a8-ba7c1df39835"},"type":"Compose","inputs":"@outputs('Get_a_thread_post')['body']['from']['emailAddress']['name']"}},"runAfter":{},"expression":{"endsWith":["@items('Apply_to_each_attachment')?['name']",".mp3"]},"metadata":{"operationMetadataId":"f65d9a4d-1136-428e-b4cc-fb32b4e66358"},"type":"If"}},"runAfter":{"Get_a_thread_post":["Succeeded"]},"metadata":{"operationMetadataId":"96a7e4d6-5928-458c-b33f-d5c8241b31b8"},"type":"Foreach"}},"runAfter":{},"metadata":{"operationMetadataId":"b5665daf-4982-4cf6-b4b0-7ff3a9c7dcba"},"type":"Foreach"}},"runAfter":{"Initialize_ReplyToMessageId":["Succeeded"]},"metadata":{"operationMetadataId":"7d497ea7-998a-405e-b8c8-6fa1c2495bcb"},"type":"Foreach"},"Initialize_TeamsCallingDeepLink":{"runAfter":{},"metadata":{"operationMetadataId":"fa85ac9a-b468-43e4-8702-1fd5364b69d9"},"type":"InitializeVariable","inputs":{"variables":[{"name":"TeamsCallingDeepLink","type":"string"}]}},"Initialize_ReceivedDateTime":{"runAfter":{"Initialize_TeamsCallingDeepLink":["Succeeded"]},"metadata":{"operationMetadataId":"91fde92a-3037-4833-9239-99c16383636c"},"type":"InitializeVariable","inputs":{"variables":[{"name":"ReceivedDateTime","type":"string","value":"@{utcNow()}"}]}},"Initialize_CompletedDateTime":{"runAfter":{"Initialize_ReceivedDateTime":["Succeeded"]},"metadata":{"operationMetadataId":"8c777a3a-43ad-4cbb-bab7-53a5236a3dcc"},"type":"InitializeVariable","inputs":{"variables":[{"name":"CompletedDateTime","type":"string"}]}},"Initialize_CompletionDurationString":{"runAfter":{"Initialize_CompletedDateTime":["Succeeded"]},"metadata":{"operationMetadataId":"422fbeae-882f-42bc-9630-f9bca4ededd9"},"type":"InitializeVariable","inputs":{"variables":[{"name":"CompletionDurationString","type":"string"}]}},"Initialize_CompletionDurationInteger":{"runAfter":{"Initialize_CompletionDurationString":["Succeeded"]},"metadata":{"operationMetadataId":"0ca04c69-22fd-4fe2-bc53-957a0073057b"},"type":"InitializeVariable","inputs":{"variables":[{"name":"CompletionDurationInteger","type":"integer"}]}},"Initialize_EmojiUrl":{"runAfter":{"Initialize_CompletionDurationInteger":["Succeeded"]},"metadata":{"operationMetadataId":"ae1dea70-7767-4055-8e79-46cf4db2317a"},"type":"InitializeVariable","inputs":{"variables":[{"name":"EmojiUrl","type":"string"}]}},"Initialize_ChannelId":{"runAfter":{"Initialize_EmojiUrl":["Succeeded"]},"metadata":{"operationMetadataId":"216f9a55-9185-43a9-aba6-f0cf3c13c00a"},"type":"InitializeVariable","inputs":{"variables":[{"name":"ChannelId","type":"string"}]}},"Initialize_FolderPath":{"runAfter":{"Initialize_ChannelId":["Succeeded"]},"metadata":{"operationMetadataId":"6e30f0c7-4c0b-4ba7-ac0c-15bdf7508853"},"type":"InitializeVariable","inputs":{"variables":[{"name":"FolderPath","type":"string"}]}},"CallBackCompleted":{"runAfter":{"Initialize_FolderPath":["Succeeded"]},"metadata":{"operationMetadataId":"31f4bbbd-e319-43b6-9d6b-1ee1a3a07c8a"},"type":"InitializeVariable","inputs":{"variables":[{"name":"CallBackCompleted","type":"boolean","value":false}]}},"Initialize_AdaptiveCardSearchString":{"runAfter":{"CallBackCompleted":["Succeeded"]},"metadata":{"operationMetadataId":"a6c75322-16ae-4664-86c2-a6dc2d54d63c"},"type":"InitializeVariable","inputs":{"variables":[{"name":"AdaptiveCardSearchString","type":"string","value":"New Voicemail from: @{triggerOutputs()?['body/from']}"}]}},"Initialize_ReplyToMessageId":{"runAfter":{"Initialize_AdaptiveCardSearchString":["Succeeded"]},"metadata":{"operationMetadataId":"21f8a72f-2465-4a14-b840-87bf056cee98"},"type":"InitializeVariable","inputs":{"variables":[{"name":"ReplyToMessageId","type":"string"}]}}}},"connectionReferences":{"shared_office365groupsmail":{"connectionName":"shared-office365grou-7d97154c-296f-49fe-a56e-53a1-5daa8871","source":"Embedded","id":"/providers/Microsoft.PowerApps/apis/shared_office365groupsmail","tier":"NotSpecified"},"shared_sharepointonline":{"connectionName":"9a299e9989d04044be1eb022ff1c5ee5","source":"Embedded","id":"/providers/Microsoft.PowerApps/apis/shared_sharepointonline","tier":"NotSpecified"},"shared_teams":{"connectionName":"shared-teams-10ed478c-4667-48c8-9d17-dc8b-c9b0fa27","source":"Embedded","id":"/providers/Microsoft.PowerApps/apis/shared_teams","tier":"NotSpecified"},"shared_teams_1":{"connectionName":"shared-teams-10ed478c-4667-48c8-9d17-dc8b-c9b0fa27","source":"Embedded","id":"/providers/Microsoft.PowerApps/apis/shared_teams","tier":"NotSpecified"}},"flowFailureAlertSubscribed":false,"isManaged":false}}